242929,"Aritate"
242930,"Meloperasine"
242931,"Mepatabid"
242932,"Tamsutate"
242933,"Decoconde"
242934,"Zylalondine"
242935,"Adisinon"
242936,"Napothromymuc"
242937,"Basperafen"
242938,"Robispolam"
242939,"Tamosoprodex"
242940,"Aerochloridezon"
242941,"Gentazone"
242942,"Arisonde"
242943,"Benytraphane"
242944,"Banbutamdine"
242945,"Adipazon"
242946,"Mirachloriderex"
242947,"Enafatec"
242948,"Monosildine"
242949,"Syndotate"
242950,"Monobutamnal"
242951,"Metopuridar"
242952,"Panazotex"
242953,"Irehydronide"
242954,"Lastetanlat"
242955,"Lisifapren"
242956,"Nitochloridevir"
242957,"Tylosilvir"
242958,"Acaxanon"
242959,"Metrooxelol"
242960,"Diclolonlam"
242961,"Noradipixel"
242962,"Miradipimuc"
242963,"Fibragofen"
242964,"Noraniino"
242965,"Acixade"
242966,"Aditamvant"
242967,"Hepasiphane"
242968,"Furosonxin"
242969,"Monoclovant"
242970,"Doxasoprovant"
242971,"Flupazol"
242972,"Bunanal"
242973,"Ibunaxel"
242974,"Valcozotex"
242975,"Acytanzon"
242976,"Rythmotamnor"
242977,"Tamsuthromylat"
242978,"Indosponal"
242979,"Mykonavir"
1242929,"Acoxacose"
1242930,"Cloxalol"
1242931,"Fenosoncose"
1242932,"Gabaxadene"
1242933,"Levosiino"
1242934,"Alpoxadex"
1242935,"Ciclosponide"
1242936,"Fibracarpamcose"
1242937,"Adeltannor"
1242938,"Actipuricose"
1242939,"Iprohydrozon"
1242940,"Xylosonvir"
1242941,"Neuthromyvase"
1242942,"Pentotafen"
1242943,"Pipechlorideino"
1242944,"Monothromypin"
1242945,"Hibitamtec"
1242946,"Bucarpamlol"
1242947,"Banzoxin"
1242948,"Hapacarpamzyl"
1242949,"Vomasonliq"
1242950,"Adisiltad"
1242951,"Parabutamlat"
1242952,"Furocarpamhex"
1242953,"Pentotamban"
1242954,"Nitobutamzon"
1242955,"Ebispotan"
1242956,"Iodosihex"
1242957,"Valcosilxel"
1242958,"Amcidrophane"
1242959,"Acospotriol"
1242960,"Dextrocurtex"
1242961,"Levosopronide"
1242962,"Indomanide"
1242963,"Famocarpamvex"
1242964,"Adipurite"
1242965,"Flosilino"
1242966,"Fluxapren"
1242967,"Carvipurisine"
1242968,"Losasponide"
1242969,"Konixafen"
1242970,"Infacarpamcose"
1242971,"Lidohydrozyl"
1242972,"Actitamdene"
1242973,"Metrodipifast"
1242974,"Enapavex"
1242975,"Lefucurpin"
1242976,"Ulcoperipex"
1242977,"Clothromyfen"
1242978,"Osazoque"
1242979,"Omecarpamvir"
1242980,"Enasonpren"
2093145,"Candipavant"
2093146,"Protantad"
2093147,"Diclopaban"
2093148,"Diclonivant"
2093149,"Serraoxecose"
2093150,"Tamsunanon"
2093151,"Herpeperitex"
2093152,"Polimazyl"
2093153,"Chlorsonvase"
2093154,"Aprogolat"
2093155,"Acesoproque"
2093156,"Interoxecose"
2093157,"Ibusixol"
2093158,"Endofamuc"
2093159,"Zylaoxepex"
2093160,"Aeroconxin"
2093161,"Micolonne"
2093162,"Oxispovant"
2093163,"Gynonadine"
2093164,"Xylofaxel"
2093165,"Diclocarpamban"
2093166,"Chlorpanon"
2093167,"Tamotavir"
2093168,"Dynapurinor"
2093169,"Lisiclovir"
2093170,"Doxperivex"
2093171,"Acoconnal"
2093172,"Aprodrovase"
2093173,"Adigohex"
2093174,"Medicloque"
2093175,"Kitabutamliq"
2093176,"Doxathromynide"
2093177,"Konioxelol"
2093178,"Dextrosildex"
2093179,"Herpezomuc"
2093180,"Loxadipizon"
2093181,"Vomagonide"
2093182,"Influzotriol"
2093183,"Infatamnon"
2093184,"Alpoclosol"
2093185,"Ribatradene"
2093186,"Interoxesine"
2093187,"Logopurivase"
2093188,"Furoperapren"
2093189,"Actisoprolam"
2093190,"Iregodene"
2093191,"Allerhydropos"
2093192,"Minicurpren"
2093193,"Adelsoprolat"
2093194,"Alfihydrotan"
2093195,"Metoxanal"
2093196,"Betaxafen"
2093197,"Clotansol"
2093198,"Levotratriol"
2093199,"Ecohydrotad"
2093200,"Haloclobid"
2093201,"Duothromyvex"
2093202,"Ulcosimuc"
2093203,"Tenotamlat"
3093145,"Bilonnide"
3093146,"Acyhydrode"
3093147,"Logoxaque"
3093148,"Oxybutamzyl"
3093149,"Epicarpamxin"
3093150,"Amfobutamtex"
3093151,"Doxyfamuc"
3093152,"Gabadipilol"
3093153,"Tamosoprodex"
3093154,"Cloconne"
3093155,"Loxazolat"
3093156,"Dichloridefast"
3093157,"Oxyoxezol"
3093158,"Acoconrex"
3093159,"Oxitafen"
3093160,"Furozotad"
3093161,"Neosoprolat"
3093162,"Adioxeino"
3093163,"Loxafazon"
3093164,"Ribaxadorm"
3093165,"Iridrotec"
3093166,"Halotratriol"
3093167,"Velosoprotriol"
3093168,"Decoperine"
3093169,"Dexinidex"
3093170,"Calcichlorideque"
3093171,"Enahydrotex"
3093172,"Acopurilam"
3093173,"Viromaphane"
3093174,"Kitathromynal"
3093175,"Ofloxapos"
3093176,"Lastedropex"
3093177,"Lisisoprotex"
3093178,"Renaperanon"
3093179,"Reduclovir"
3093180,"Gabazocose"
3093181,"Ireoxedine"
3093182,"Hapalonpos"
3093183,"Valcotammuc"
3093184,"Chlortracin"
3093185,"Betaperaxel"
3093186,"Doxasonxin"
3093187,"Mirachloridemuc"
3093188,"Calcizolat"
3093189,"Allolonvant"
3093190,"Lomanide"
3093191,"Oflopavase"
3093192,"Adibutamnal"
3093193,"Serraperavex"
3093194,"Lidosoprobid"
3093195,"Adigocin"
3093196,"Tridrovir"
3093197,"Interspovase"
3093198,"Acythromyque"
3093199,"Adeltraxin"
3093200,"Adidipicin"
3093201,"Indanadene"
3093202,"Carviperine"
3093203,"Perisildar"
3093204,"Flonafast"
4508264,"Medixavex"
4508265,"Acefacose"
4508266,"Lefuhydrocin"
4508267,"Zytonalol"
4508268,"Velopuricept"
4508269,"Moxiperivir"
4508270,"Duradipiliq"
4508271,"Abeoxede"
4508272,"Calcitaliq"
4508273,"Radithromylol"
4508274,"Dexisonhex"
4508275,"Mecosonvex"
4508276,"Captosildorm"
4508277,"Alfucarpamvir"
4508278,"Gabasilvase"
4508279,"Xylosoproxel"
4508280,"Doxaxanon"
4508281,"Betaconmuc"
4508282,"Lidosicose"
4508283,"Medinisol"
4508284,"Kitathromyxin"
4508285,"Actilonvir"
4508286,"Pentozoque"
4508287,"Carvithromysine"
4508288,"Metrocarpampin"
4508289,"Actiperilat"
4508290,"Neucondex"
4508291,"Nevocurino"
4508292,"Lisixadorm"
4508293,"Ribapuridine"
4508294,"Irufavant"
4508295,"Dextroxavant"
4508296,"Moxinidar"
4508297,"Arixalol"
4508298,"Mecoperamuc"
4508299,"Adelgobid"
4508300,"Alpotasol"
4508301,"Episilliq"
4508302,"Benyperitan"
4508303,"Ibuoxelol"
4508304,"Paratrate"
4508305,"Dermoperamuc"
4508306,"Isothromytan"
4508307,"Aerohydroino"
4508308,"Indozoliq"
4508309,"Diclopurinon"
4508310,"Allertamdorm"
4508311,"Osaperisine"
4508312,"Arisopromuc"
4508313,"Adicarpamzyl"
4508314,"Levocarpamxel"
4508315,"Virooxerex"
4508316,"Abehydrolam"
4508317,"Neucarpamxin"
4508318,"Moxininon"
4508319,"Minioxenal"
4508320,"Nitoclofen"
4508321,"Reduxazon"
4508322,"Loxaxanon"
4508323,"Acticlopin"
4508324,"Banchloridexol"
4508325,"Redubutamfast"
4508326,"Ditamvant"
5508265,"Pipexaban"
5508266,"Decopurifen"
5508267,"Carvioxefen"
5508268,"Acaxacose"
5508269,"Robicloxin"
5508270,"Felosilvase"
5508271,"Cefatravex"
5508272,"Candioxefen"
5508273,"Acisilnor"
5508274,"Alpotatan"
5508275,"Acyfavase"
5508276,"Ibuperilol"
5508277,"Ketospotec"
5508278,"Moxisiban"
5508279,"Zapratambid"
5508280,"Neusoprovir"
5508281,"Adeltrazol"
5508282,"Etoclopren"
5508283,"Ciclonivant"
5508284,"Gentahydrofen"
5508285,"Aprodipizyl"
5508286,"Betapaino"
5508287,"Kitanixin"
5508288,"Serraspohex"
5508289,"Zaprasonque"
5508290,"Zylasixol"
5508291,"Panatamzyl"
5508292,"Flozodex"
5508293,"Isolonde"
5508294,"Adelpatan"
5508295,"Allernabid"
5508296,"Lastetamtex"
5508297,"Amfopatriol"
5508298,"Septoxaxol"
5508299,"Gynooxede"
5508300,"Tylotanfen"
5508301,"Duozoban"
5508302,"Triconpos"
5508303,"Lefucarpamnon"
5508304,"Laxobutamtex"
5508305,"Epiperabid"
5508306,"Azihydroque"
5508307,"Mecotraxin"
5508308,"Ibuperazyl"
5508309,"Iripaphane"
5508310,"Tamsufadar"
5508311,"Enaoxexin"
5508312,"Doxtaphane"
5508313,"Acychlorideino"
5508314,"Fenooxelat"
5508315,"Chlorgocin"
5508316,"Actilonfen"
5508317,"Acatamcin"
5508318,"Radisiltad"
5508319,"Calciclosol"
5508320,"Acytaque"
5508321,"Afsondar"
5508322,"Dynaclodar"
5508323,"Pantoxapin"
5508324,"Lyosonpex"
5508325,"Napoxadex"
5508326,"Azicarpamde"
5508327,"Lisitandex"
6065584,"Rythmopalam"
6065585,"Konilontriol"
6065586,"Zapratanban"
6065587,"Banchloridevant"
6065588,"Adelnatan"
6065589,"Dexatanpos"
6065590,"Bicurpin"
6065591,"Enacurxin"
6065592,"Irufabid"
6065593,"Acysidar"
6065594,"Indaspode"
6065595,"Diclonamuc"
6065596,"Doxmapren"
6065597,"Neoperixol"
6065598,"Captosiltan"
6065599,"Durasoprovase"
6065600,"Xylosoprobid"
6065601,"Loxasonbid"
6065602,"Norafapren"
6065603,"Adiclodorm"
6065604,"Iruclorex"
6065605,"Adelhydromuc"
6065606,"Aeropuripex"
6065607,"Peridipivir"
6065608,"Iprocarpamban"
6065609,"Cyclosillam"
6065610,"Calcimadorm"
6065611,"Indonanor"
6065612,"Duoninon"
6065613,"Gynozoque"
6065614,"Doxagoxol"
6065615,"Adizodex"
6065616,"Bisilzol"
6065617,"Vomasoncin"
6065618,"Lastetaphane"
6065619,"Bupazol"
6065620,"Tenofazol"
6065621,"Metrochloridevant"
6065622,"Clotamhex"
6065623,"Furotamte"
6065624,"Doxanaque"
6065625,"Dextrohydropos"
6065626,"Panaperahex"
6065627,"Tamsubutamnon"
6065628,"Clotantan"
6065629,"Mepapadex"
6065630,"Oxyhydronor"
6065631,"Vovedipivir"
6065632,"Tyloxamuc"
6065633,"Zithroclode"
6065634,"Metosilino"
6065635,"Acochloridelol"
6065636,"Herpesoproban"
6065637,"Adihydroliq"
6065638,"Benysoprode"
6065639,"Xylotrafen"
6065640,"Logomasine"
6065641,"Chlorlonlam"
6065642,"Aritraino"
6065643,"Adiconde"
7065585,"Novofaxin"
7065586,"Haloperivant"
7065587,"Acaside"
7065588,"Pentotadene"
7065589,"Iprospobid"
7065590,"Napobutammuc"
7065591,"Cefahydrovir"
7065592,"Butrabid"
7065593,"Amcinidorm"
7065594,"Lastelonde"
7065595,"Vovethromydex"
7065596,"Polylondorm"
7065597,"Halosidar"
7065598,"Natagovir"
7065599,"Carvigopex"
7065600,"Ometanzyl"
7065601,"Natasiltad"
7065602,"Zaprafapin"
7065603,"Amcipuricept"
7065604,"Metobutamtec"
7065605,"Furoxatad"
7065606,"Tamotradex"
7065607,"Abegotad"
7065608,"Endoconxol"
7065609,"Isoperafen"
7065610,"Alfusilpin"
7065611,"Zytosoprovir"
7065612,"Cycloxafen"
7065613,"Septotantriol"
7065614,"Vitaoxelam"
7065615,"Gentathromypin"
7065616,"Acytatad"
7065617,"Flupaban"
7065618,"Flutaliq"
7065619,"Felocarpamtad"
7065620,"Triperitec"
7065621,"Flothromyxel"
7065622,"Oximadine"
7065623,"Ramimavir"
7065624,"Osaxasol"
7065625,"Deltanatad"
7065626,"Nevogotec"
7065627,"Ibuoxezyl"
7065628,"Felohydrocept"
7065629,"Diclotrafen"
7065630,"Cefatandorm"
7065631,"Metonidex"
7065632,"Levooxecose"
7065633,"Konicurrex"
7065634,"Mucosonxol"
7065635,"Syndosifen"
7065636,"Zalefaino"
7065637,"Ecodrolat"
7065638,"Halotamhex"
7065639,"Virotande"
7065640,"Mirasoprodex"
7065641,"Fibrataxol"
7065642,"Metocurpex"
7065643,"Abepatan"
7065644,"Herpethromydine"
8281782,"Iprotampren"
8281783,"Acifacose"
8281784,"Tripurilol"
8281785,"Vitasitan"
8281786,"Ibusiltriol"
8281787,"Acoxatriol"
8281788,"Amfotamtan"
8281789,"Enapaxel"
8281790,"Ofloperirex"
8281791,"Tamsugoxin"
8281792,"Diclosilpren"
8281793,"Acicloque"
8281794,"Hibitatec"
8281795,"Famoninor"
8281796,"Afpacose"
8281797,"Adinifen"
8281798,"Lisioxeino"
8281799,"Muconidar"
8281800,"Lisimalat"
8281801,"Dynazozyl"
8281802,"Irethromyte"
8281803,"Aftamnal"
8281804,"Adichloridedex"
8281805,"Acaperique"
8281806,"Acipadene"
8281807,"Candizotec"
8281808,"Konitaxin"
8281809,"Azithromynon"
8281810,"Hibicurque"
8281811,"Captoperizon"
8281812,"Novooxeino"
8281813,"Vitalonzol"
8281814,"Clotazyl"
8281815,"Pipenimuc"
8281816,"Neospotad"
8281817,"Pipehydrotec"
8281818,"Ramidrocose"
8281819,"Allohydropren"
8281820,"Oxycarpamdar"
8281821,"Bastazol"
8281822,"Fenopazon"
8281823,"Zapramaque"
8281824,"Herpesonino"
8281825,"Tylotandene"
8281826,"Adeltadine"
8281827,"Dioxevase"
8281828,"Noratamtan"
8281829,"Abesoprobid"
8281830,"Medinanal"
8281831,"Hepaspocose"
8281832,"Xylothromyque"
8281833,"Ramichloridedex"
8281834,"Ramiperadorm"
8281835,"Zytobutamnide"
8281836,"Flocarpamzyl"
8281837,"Doxyzovex"
8281838,"Dermamapos"
8281839,"Serranahex"
8281840,"Hepaxaphane"
8281841,"Radisoncose"
8281842,"Acotanhex"
8281843,"Allohydroxin"
8281844,"Velochloridenor"
8281845,"Panatratex"
8281846,"Betadrophane"
9281779,"Noraconxel"
9281780,"Endomadene"
9281781,"Veloperide"
9281782,"Alfugosine"
9281783,"Muconaxol"
9281784,"Felohydrovant"
9281785,"Duolonvir"
9281786,"Aprofasine"
9281787,"Mepaoxerex"
9281788,"Tamospotan"
9281789,"Acyhydrodene"
9281790,"Robigodene"
9281791,"Tenoperadar"
9281792,"Serratampren"
9281793,"Exothromysol"
9281794,"Acosildine"
9281795,"Epinaino"
9281796,"Redudipifen"
9281797,"Vomaspodar"
9281798,"Hibidrozon"
9281799,"Furosoprofast"
9281800,"Iodohydrozyl"
9281801,"Acyxalol"
9281802,"Basconphane"
9281803,"Ibusipex"
9281804,"Napothromydorm"
9281805,"Metrohydrotan"
9281806,"Nitocurque"
9281807,"Endothromyde"
9281808,"Minizofen"
9281809,"Lastetafast"
9281810,"Neothromyvant"
9281811,"Duotamlol"
9281812,"Medrobutamfen"
9281813,"Betaconque"
9281814,"Laxotamfen"
9281815,"Osacurxin"
9281816,"Neupafast"
9281817,"Velocurnide"
9281818,"Acoconxol"
9281819,"Zapracarpamtex"
9281820,"Tamochloridelol"
9281821,"Lefucarpamtan"
9281822,"Bancurnon"
9281823,"Gabasildene"
9281824,"Acetalol"
9281825,"Dicloconphane"
9281826,"Ramisipos"
9281827,"Velogofen"
9281828,"Lyofanal"
9281829,"Indathromyque"
9281830,"Acaclote"
9281831,"Actithromydene"
9281832,"Hapagodex"
9281833,"Simeperahex"
9281834,"Irutaxin"
9281835,"Miraspodene"
9281836,"Herpechloridedine"
9281837,"Alposoprovir"
9281838,"Captodrolol"
9281839,"Nevocurnon"
9281840,"Ibulonpin"
9281841,"Parasilol"
9281842,"Nevolontec"
9281843,"Affalol"
9281844,"Carvisonfen"
