1,"CAL SODADA, ENVASE O SET DE ENVASES, CONTENIENDO (35 - 45) LIBRAS"
2,"CIRCUITO PARA ANESTESIA ADULTO, EMPAQUE INDIVIDUAL, DESCARTABLE"
3,"CIRCUITO PARA ANESTESIA INFANTIL, EMPAQUE INDIVIDUAL, DESCARTABLE"
4,"CIRCUITO PARA ANESTESIA NEONATAL, EMPAQUE INDIVIDUAL, DESCARTABLE"
5,"CIRCUITO PARA ANESTESIA TIPO JACKSON REES, CAPACIDAD 1000ml, EMPAQUE INDIVIDUAL, DESCARTABLE"
6,"CIRCUITO PARA ANESTESIA TIPO JACKSON REES, CAPACIDAD 500ml, EMPAQUE INDIVIDUAL, DESCARTABLE"
7,"CIRCUITO PARA VENTILADOR MEC?NICO, TAMA?O ADULTO, EMPAQUE INDIVIDUAL ESTERIL, DESCARTABLE, SEG?N MARCA Y MODELO"
8,"CIRCUITO PARA VENTILADOR MEC?NICO, TAMA?O NEONATAL, EMPAQUE INDIVIDUAL ESTERIL, DESCARTABLE, SEG?N MARCA Y MODELO"
9,"CIRCUITO PARA VENTILADOR MEC?NICO, TAMA?O PEDIATRICO,EMPAQUE INDIVIDUAL ESTERIL, DESCARTABLE, SEG?N MARCA Y MODELO"
10,"FILTRO ANTIBACTERIANO PARA VENTILADOR MEC?NICO SEG?N MARCA Y MODELO"
11,"LINEA ARTERIAL DE MEDICI?N (LINEA DE PERFUSI?N), ADAPTABLE A MONITOR (SEG?N MARCA Y MODELO) EMPAQUE INDIVIDUAL ESTERIL, DESCARTABLE"
12,"LINEA PARA AN?LISIS DE GASES ANESTESICOS DE 1.8 m (10 PIES CUBICOS) PVC/PE CONECTOR LUER LOCK MACHO-HEMBRA (LINEA CO2) O TRAMPA DE AGUA CON FILTRO Y ADAPTADOR LUER LOCK, EMPAQUE INDIVIDUAL, DESCARTABLE"
13,"LINEA PARA AN?LISIS DE GASES ANESTESICOS DE 2 m (7-10) PIES PVC/PE CONECTOR LUER LOCK MACHO-MACHO(LINEA PARA CO2)"
14,"PAPEL ABSORBENTE PARA HUMIDIFICADOR DE CASCADA"
15,"PAPEL PARA MONITOREO DE ANESTESIA SEG?N MARCA Y MODELO, ROLLO"
16,"TUBO CORRUGADO 15mm DE DIAMETRO, DIFERENTES MEDIDAS DE LONGITUD"
17,"TUBO CORRUGADO 22mm DE DIAMETRO, DIFERENTES MEDIDAS DE LONGITUD"
18,"AGUJA CON BISEL TIPO TOUHI 18 G X 2"", EMPAQUE INDIVIDUAL ESTERIL, DESCARTABLE"
19,"AGUJA CON BISEL TIPO TOUHI 20 G X 2"", EMPAQUE INDIVIDUAL ESTERIL, DESCARTABLE"
20,"AGUJA DE PUNCION EPIDURAL N? 17, DE 3 1/2"" PARED DELGADA, TIPO TOUHI, DESCARTABLE, EMPAQUE INDIVIDUAL ESTERIL"
21,"AGUJA DE PUNCION EPIDURAL N? 18, DE ( 3 1/4 - 3 1/2) "" PARED DELGADA, TIPO TOUHI, DESCARTABLE, EMPAQUE INDIVIDUAL ESTERIL"
22,"AGUJA DE PUNCION EPIDURAL N? 19, DE (3 1/4"" - 3 1/2"") PARED DELGADA, TIPO TOUHI, DESCARTABLE, EMPAQUE INDIVIDUAL ESTERIL"
23,"EQUIPO DE ANESTESIA EPIDURAL, CATETER 19 G x 35"" CON AGUJA 18 x 3 ?- 3 ? , CON JERINGA SILIC?NADA 10ml Y FILTRO, EMPAQUE INDIVIDUAL ESTERIL, DESCARTABLE"
24,"EQUIPO DE ANESTESIA EPIDURAL, CATETER 19 G x 35"" CON AGUJA 20 x 2"", CON JERINGA SILIC?NADA 10ml Y FILTRO, EMPAQUE INDIVIDUAL ESTERIL, DESCARTABLE"
25,"CANULA OROFARINGEA DE PL?STICO, TRANSPARENTE, N? 0, EMPAQUE INDIVIDUAL, DESCARTABLE"
26,"CANULA OROFARINGEA DE PL?STICO, TRANSPARENTE, N? 00,EMPAQUE INDIVIDUAL, DESCARTABLE"
27,"CANULA OROFARINGEA DE PL?STICO, TRANSPARENTE, N? 000, EMPAQUE INDIVIDUAL, DESCARTABLE"
28,"CANULA OROFARINGEA DE PL?STICO, TRANSPARENTE, N? 1, EMPAQUE INDIVIDUAL, DESCARTABLE"
29,"CANULA OROFARINGEA DE PL?STICO, TRANSPARENTE, N? 2, EMPAQUE INDIVIDUAL, DESCARTABLE"
30,"CANULA OROFARINGEA DE PL?STICO, TRANSPARENTE, N? 3, EMPAQUE INDIVIDUAL, DESCARTABLE"
31,"CANULA OROFARINGEA DE PL?STICO, TRANSPARENTE, N? 4, EMPAQUE INDIVIDUAL, DESCARTABLE"
32,"CANULA OROFARINGEA DE PL?STICO, TRANSPARENTE, N? 5, EMPAQUE INDIVIDUAL, DESCARTABLE"
33,"FASTRAC CON TUBO ENDOTRAQUEAL, DIAMETRO INTERNO 7mm, EMPAQUE INDIVIDUAL ESTERIL, DESCARTABLE"
34,"FASTRAC CON TUBO ENDOTRAQUEAL, DIAMETRO INTERNO  8 mm, EMPAQUE INDIVIDUAL ESTERIL, DESCARTABLE"
35,"FASTRAC CON TUBO ENDOTRAQUEAL, DIAMETRO INTERNO 9 mm, EMPAQUE INDIVIDUAL ESTERIL, DESCARTABLE"
36,"MASCARILLA REUSABLE PARA ANESTESIA, TRANSPARENTE, CON SUJETADOR, TAMA?O 0"
37,"MASCARILLA REUSABLE PARA ANESTESIA, TRANSPARENTE, CON SUJETADOR, TAMA?O 00"
38,"MASCARILLA REUSABLE PARA ANESTESIA, TRANSPARENTE, CON SUJETADOR, TAMA?O 000"
39,"MASCARILLA REUSABLE PARA ANESTESIA, TRANSPARENTE, CON SUJETADOR, TAMA?O 1"
40,"MASCARILLA REUSABLE PARA ANESTESIA,TRANSPARENTE, CON SUJETADOR, TAMA?O 2"
41,"MASCARILLA REUSABLE PARA ANESTESIA, TRANSPARENTE, CON SUJETADOR, TAMA?O 3"
42,"MASCARILLA REUSABLE PARA ANESTESIA, TRANSPARENTE, CON SUJETADOR, TAMA?O 4"
43,"MASCARILLA REUSABLE PARA ANESTESIA, TRANSPARENTE, CON SUJETADOR, TAMA?O 5"
44,"MASCARA LARINGEA TAMA?O 1, EMPAQUE INDIVIDUAL ESTERIL, DESCARTABLE"
45,"MASCARA LARINGEA TAMA?O 1.5,EMPAQUE INDIVIDUAL ESTERIL, DESCARTABLE"
46,"MASCARA LARINGEA TAMA?O 2, EMPAQUE INDIVIDUAL ESTERIL, DESCARTABLE"
47,"MASCARA LARINGEA TAMA?O 2.5, EMPAQUE INDIVIDUAL ESTERIL, DESCARTABLE"
48,"MASCARA LARINGEA TAMA?O 3, EMPAQUE INDIVIDUAL ESTERIL, DESCARTABLE"
49,"MASCARA LARINGEA TAMA?O 3.5, EMPAQUE INDIVIDUAL ESTERIL, DESCARTABLE"
50,"MASCARA LARINGEA TAMA?O 4, EMPAQUE INDIVIDUAL ESTERIL, DESCARTABLE"
51,"MASCARA LARINGEA TAMA?O 4.5, EMPAQUE INDIVIDUAL ESTERIL, DESCARTABLE"
52,"MASCARA LARINGEA TAMA?O 5, EMPAQUE INDIVIDUAL ESTERIL, DESCARTABLE"
53,"MASCARA LARINGEA CON TUBO ENDOTRAQUEAL Y ORIFICIO DE ASPIRACION, TAMA?O 1, EMPAQUE INDIVIDUAL, REUSABLE"
54,"MASCARA LARINGEA CON TUBO ENDOTRAQUEAL Y ORIFICIO DE ASPIRACION, TAMA?O 2, EMPAQUE INDIVIDUAL, REUSABLE"
55,"MASCARA LARINGEA CON TUBO ENDOTRAQUEAL Y ORIFICIO DE ASPIRACION, TAMA?O 3, EMPAQUE INDIVIDUAL, REUSABLE"
56,"MASCARA LARINGEA CON TUBO ENDOTRAQUEAL Y ORIFICIO DE ASPIRACION, TAMA?O 4, EMPAQUE INDIVIDUAL, REUSABLE"
57,"MASCARA LARINGEA CON TUBO ENDOTRAQUEAL Y ORIFICIO DE ASPIRACION, TAMA?O 5, EMPAQUE INDIVIDUAL , REUSABLE"
58,"ADAPTADOR DE ALTA PRESION, EMPAQUE PRIMARIO INDIVIDUAL"
59,"ARANDELAS ADHESIVAS PARA ELECTRODO, TAMA?O ESTANDAR, DESCARTABLE"
60,"BARRERA PROTECTORA PARA TRANSDUCTOR DE PRESION, EMPAQUE INDIVIDUAL ESTERIL"
61,"PAPEL PARA MONITOREO FETAL SEGUN MARCA Y MODELO, ROLLO"
62,"PAPEL PARA MONITOREO FETAL SEGUN MARCA Y MODELO, RESMA"
63,"CABLE INTERMEDIO PARA OXIMETRO, SEGUN MARCA Y MODELO"
64,"CABLE SENSOR PARA OXIMETRO DE PULSO, SEGUN MARCA Y MODELO"
65,"CABLE ELECTRODO PARA MARCAPASO PERMANENTE 6 A 7 Fr, CON INTRODUCTOR PERCUTANEO Y PIN, EMPAQUE INDIVIDUAL ESTERIL"
66,"SENSOR PARA OXIMETRIA DE PULSO, TAMA?O PEDIATRICO, SEGUN MARCA Y MODELO, DESCARTABLE"
67,"SENSOR PARA OXIMETRIA DE PULSO, TAMA?O PEDIATRICO, SEGUN MARCA Y MODELO, REUSABLE"
68,"SENSOR PARA OXIMETRIA DE PULSO, TAMA?O INFANTE/ADULTO, SEGUN MARCA Y MODELO, DESCARTABLE"
69,"SENSOR PARA OXIMETRIA DE PULSO, TAMA?O INFANTE/ADULTO, SEGUN MARCA Y MODELO, REUSABLE"
70,"SENSOR PARA OXIMETRIA DE PULSO, TAMA?O ADULTO, SEGUN MARCA Y MODELO, DESCARTABLE"
71,"SENSOR PARA OXIMETRIA DE PULSO, TAMA?O ADULTO, SEGUN MARCA Y MODELO, REUSABLE"
72,"BRAZALETE PARA MONITOR DE PRESION ARTERIAL, UNA VIA, TAMA?O NEONATAL, N? 1"
73,"BRAZALETE PARA MONITOR DE PRESION ARTERIAL, UNA VIA, TAMA?O NEONATAL, N? 2"
74,"BRAZALETE PARA MONITOR DE PRESION ARTERIAL, UNA VIA, TAMA?O NEONATAL, N? 3"
75,"BRAZALETE PARA MONITOR DE PRESION ARTERIAL, UNA VIA, TAMA?O NEONATAL, N? 4"
76,"BRAZALETE PARA MONITOR DE PRESION ARTERIAL, UNA VIA, TAMA?O NEONATAL, N? 5"
77,"BRAZALETE PARA MONITOR DE PRESION ARTERIAL, UNA VIA, TAMA?O PEDIATRICO, N? 2"
78,"BRAZALETE PARA MONITOR DE PRESION ARTERIAL, UNA VIA, TAMA?O PEDIATRICO, N? 3"
79,"BRAZALETE PARA MONITOR DE PRESION ARTERIAL, UNA VIA, TAMA?O PEDIATRICO, N? 4"
80,"BRAZALETE PARA MONITOR DE PRESION ARTERIAL, UNA VIA, TAMA?O PEDIATRICO, N? 5"
81,"BRAZALETE PARA MONITOR DE PRESION ARTERIAL, DOS VIAS, TAMA?O NEONATAL, N? 2"
82,"BRAZALETE PARA MONITOR DE PRESION ARTERIAL, DOS VIAS, TAMA?O NEONATAL, N? 3"
83,"BRAZALETE PARA MONITOR DE PRESION ARTERIAL, DOS VIAS, TAMA?O NEONATAL, N? 4"
84,"BRAZALETE PARA MONITOR DE PRESION ARTERIAL, DOS VIAS, TAMA?O PEDIATRICO, N? 2"
85,"BRAZALETE PARA MONITOR DE PRESION ARTERIAL, DOS VIAS, TAMA?O PEDIATRICO, N? 3"
86,"BRAZALETE PARA MONITOR DE PRESION ARTERIAL, DOS VIAS, TAMA?O PEDIATRICO, N? 4"
87,"BRAZALETE PARA MONITOR DE PRESION ARTERIAL, DOS VIAS, TAMA?O ADULTO, DIFERENTES MEDIDAS, SEGUN MARCA Y MODELO"
88,"BRAZALETE PARA MONITOR DE PRESION ARTERIAL, UNA VIA, TAMA?O ADULTO, CIRCUNFERENCIA DE BRAZO ( 24-36)cm , SEGUN MARCA Y MODELO"
89,"BRAZALETE PARA MONITOR DE PRESION ARTERIAL, UNA VIA, TAMA?O ADULTO, CIRCUNFERENCIA DE BRAZO ( 36-50)cm , SEGUN MARCA Y MODELO"
90,"ELECTRODO DE MONITOREO CARDIORESPIRATORIO AUTOADHERIBLE, ADULTO, DESCARTABLE"
91,"ELECTRODO DE MONITOREO CARDIORESPIRATORIO AUTOADHERIBLE, NEONATAL, DESCARTABLE"
92,"ELECTRODO DE MONITOREO CARDIORESPIRATORIO AUTOADHERIBLE, PEDIATRICO, DESCARTABLE"
93,"ELECTRODO PARA DESFIBRILADOR, USO ADULTO, CON CONECTOR, DESCARTABLE"
94,"ELECTRODO PARA PRUEBA DE ESFUERZO, DESCARTABLE"
95,"PAPEL PARA ESPIROMETRIA, SEGUN MARCA Y MODELO, ROLLO"
96,"PAPEL PARA PRUEBA DE ESFUERZO, SEGUN MARCA Y MODELO, ROLLO"
97,"PAPEL PARA PRUEBA DE ESFUERZO, SEGUN MARCA Y MODELO, RESMA"
98,"GEL CONDUCTIVA PARA ELECTROCARDIOGRAMA Y/O ELECTROCAUTERIO, FRASCO (8-10) ONZAS"
99,"GEL CONDUCTIVA PARA ELECTROCARDIOGRAMA Y/O ELECTROCAUTERIO, GALON"
100,"PAPEL PARA ELECTROCARDIOGRAFIA DE 1 CANAL, SEG?N MARCA Y MODELO, ROLLO"
101,"PAPEL PARA ELECTROCARDIOGRAFIA DE 3 CANALES, SEG?N MARCA Y MODELO, ROLLO"
102,"PAPEL PARA ELECTROCARDIOGRAFIA DE 3 CANALES, SEG?N MARCA Y MODELO, RESMA"
103,"PAPEL PARA ELECTROCARDIOGRAFIA DE 6 CANALES, SEG?N MARCA Y MODELO, ROLLO"
104,"PAPEL PARA ELECTROCARDIOGRAFIA DE 12 CANALES, SEG?N MARCA Y MODELO, ROLLO"
105,"ELECTRODO PARA ELECTROENCEFALOGRAMA"
106,"PAPEL PARA ELECTROENCEFALOGRAFIA, SEGUN MARCA Y MODELO, ROLLO"
107,"PAPEL PARA ULTRASONOGRAFIA DE ALTA DENSIDAD SEG?N MARCA Y MODELO, ROLLO"
108,"PAPEL PARA ULTRASONOGRAFIA DE ALTA DENSIDAD, A COLOR, SEG?N MARCA Y MODELO, ROLLO"
109,"PASTA ELECTRODOCONDUCTIVA PARA NEURODIAGN?STICO, ENVASE ( 200-300) g"
110,"CABLE Y PINZA PARA ELECTROCAUTERIO BIPOLAR, SEGUN MARCA Y MODELO, REUSABLE"
111,"CABLE, LAPIZ Y PUNTA PARA ELECTROCAUTERIO MONOPOLAR, ESPIGA EN 3, EMPAQUE ESTERIL, DESCARTABLE, CON INTERRUPTOR DE MANO"
112,"PLACA AUTOADHERIBLE PARA ELECTRODO NEUTRO DE ELECTROCAUTERIO, DOS CUERPOS, TAMA?O NEONATAL, SEG?N MARCA Y MODELO, EMPAQUE INDIVIDUAL DESCARTABLE."
113,"PLACA AUTOADHERIBLE PARA ELECTRODO NEUTRO DE ELECTROCAUTERIO, DOS CUERPOS, TAMA?O ESTANDAR, SEG?N MARCA Y MODELO, EMPAQUE INDIVIDUAL DESCARTABLE."
114,"PLACA AUTOADHERIBLE PARA ELECTRODO NEUTRO DE ELECTROCAUTERIO, UN CUERPO, TAMA?O NEONATAL, SEG?N MARCA Y MODELO, EMPAQUE INDIVIDUAL DESCARTABLE."
115,"PLACA AUTOADHERIBLE PARA ELECTRODO NEUTRO DE ELECTROCAUTERIO, UN CUERPO, TAMA?O ESTANDAR, SEG?N MARCA Y MODELO, EMPAQUE INDIVIDUAL DESCARTABLE."
116,"PAPEL PARA ECODOPPLER BLANCO Y NEGRO, SEGUN MARCA Y MODELO, ROLLO"
117,"CASETA RADIOGR?FICA PL?STICA O MET?LICA, CON PANTALLA INTENSIFICADORA SENSIBLE AL VERDE, RAPIDA, 5"" X 7"""
118,"CASETA RADIOGR?FICA PL?STICA O MET?LICA, CON PANTALLA INTENSIFICADORA SENSIBLE AL VERDE, RAPIDA, 8"" X 10"""
119,"CASETA RADIOGR?FICA PL?STICA O MET?LICA, CON PANTALLA INTENSIFICADORA SENSIBLE AL VERDE, REGULAR, 8"" X 10"""
120,"CASETA RADIOGR?FICA PL?STICA O MET?LICA, CON PANTALLA INTENSIFICADORA SENSIBLE AL VERDE, RAPIDA, 10"" X 12"""
121,"CASETA RADIOGR?FICA PL?STICA O MET?LICA, CON PANTALLA INTENSIFICADORA SENSIBLE AL VERDE, REGULAR, 10"" X 12"""
122,"CASETA RADIOGR?FICA PL?STICA O MET?LICA, CON PANTALLA INTENSIFICADORA SENSIBLE AL VERDE, RAPIDA, 11"" X 14"""
123,"CASETA RADIOGR?FICA PL?STICA O MET?LICA, CON PANTALLA INTENSIFICADORA SENSIBLE AL VERDE, REGULAR, 11"" X 14"""
124,"CASETA RADIOGR?FICA PL?STICA O MET?LICA, CON PANTALLA INTENSIFICADORA SENSIBLE AL VERDE, RAPIDA, 14"" X 14"""
125,"CASETA RADIOGR?FICA PL?STICA O MET?LICA, CON PANTALLA INTENSIFICADORA SENSIBLE AL VERDE, REGULAR, 14"" X 14"""
126,"CASETA RADIOGR?FICA PL?STICA O MET?LICA, CON PANTALLA INTENSIFICADORA SENSIBLE AL VERDE, RAPIDA, 14"" X 17"""
127,"CASETA RADIOGR?FICA PL?STICA O MET?LICA, CON PANTALLA INTENSIFICADORA SENSIBLE AL VERDE, REGULAR, 14"" X 17"""
128,"CASETA RADIOGR?FICA PARA MAMOGRAFIA, PL?STICA O MET?LICA, CON PANTALLA INTENSIFICADORA SENSIBLE AL VERDE, 8"" X 10"""
129,"CASETA RADIOGR?FICA PARA MAMOGRAFIA, PL?STICA O MET?LICA, CON PANTALLA INTENSIFICADORA SENSIBLE AL VERDE, 10"" X 12"""
130,"FILTRO PARA REVELADOR DE PROCESADORA DE PELICULAS RADIOLOGICAS, SEG?N MARCA Y MODELO"
131,"FILTRO PARA FIJADOR DE PROCESADORA DE PELICULAS RADIOLOGICAS, SEG?N MARCA Y MODELO"
132,"FILTRO DE CARBON ACTIVADO PARA ENTRADA DE AGUA, PARA PROCESADORA DE PELICULAS RADIOLOGICAS, SEG?N MARCA Y MODELO"
133,"KIT PARA GALACTOGRAFIA CONTENIENDO 6 DILATADORES DE (0.25, 0.30, 0.35, 0.45, 0.55 Y 0.65) mm Y UNA JERINGA DE 1ML CON AGUJA CURVA PUNTA ROMA, 30G X (20- 22) mm DE LONGITUD, EMPAQUE EST?RIL"
134,"LIMPIADOR PARA PLANCHA REVELADOR PARA PROCESADORA DE PLACAS, FRASCO"
135,"PAPEL A COLOR PARA ECODOPLER, SEGUN MARCA Y MODELO, ROLLO"
136,"PAPEL PARA IMPRESI?N A COLOR DE USO EN ULTRASONOGRAFIA, ( 144 x 100)mm, CAJA x ( 100-200) HOJAS, SEG?N MARCA Y MODELO DE IMPRESOR"
137,"L?QUIDO FIJADOR PARA PROCESADORA AUTOMATICA, GALON"
138,"L?QUIDO FIJADOR PARA PROCESADORA MANUAL, GALON"
139,"L?QUIDO REFORZADOR PARA PROCESADORA AUTOMATICA, GALON"
140,"L?QUIDO REFORZADOR PARA PROCESADORA MANUAL, GALON"
141,"L?QUIDO REVELADOR PARA PROCESADORA AUTOMATICA, GALON"
142,"L?QUIDO REVELADOR PARA PROCESADORA MANUAL, GALON"
143,"PELICULA RADIOLOGICA BASE AZUL, TAMA?O 8"" x 10"", PARA IMPRESOR T?RMICO, SEG?N MARCA Y MODELO DE IMPRESOR"
144,"PELICULA RADIOLOGICA BASE AZUL, TAMA?O 10"" x 12"", PARA IMPRESOR T?RMICO, SEG?N MARCA Y MODELO DE IMPRESOR"
145,"PELICULA RADIOLOGICA BASE AZUL, TAMA?O 14"" x 17"", PARA IMPRESOR T?RMICO, SEG?N MARCA Y MODELO DE IMPRESOR"
146,"PELICULA RADIOLOGICA BASE AZUL, TAMA?O 14"" x 14"", PARA IMPRESOR T?RMICO, SEG?N MARCA Y MODELO DE IMPRESOR"
147,"PELICULA RADIOLOGICA CON BASE POLIESTER, 5"" x 7"" FLUORESCENCIA VERDE, CAJA DE 100"
148,"PELICULA RADIOLOGICA CON BASE POLIESTER, 8"" x 10"" FLUORESCENCIA VERDE, CAJA DE 100"
149,"PELICULA RADIOLOGICA CON BASE POLIESTER, 10"" x 12"" FLUORESCENCIA VERDE, CAJA DE 100"
150,"PELICULA RADIOGR?FICA CON BASE POLIESTER, 8"" x 10"" (20 x 25)cm, SENSIBLE AL INFRAROJO, PARA IMPRESI?N LASER EN SECO, SEG?N MARCA Y MODELO DE IMPRESORA, CAJA DE (100-125) HOJAS"
151,"PELICULA RADIOGR?FICA CON BASE POLIESTER, 10"" x 12"" ( 25 x 30)cm, SENSIBLE AL INFRAROJO, PARA IMPRESI?N LASER EN SECO, SEG?N MARCA Y MODELO DE IMPRESORA, CAJA DE (100-125) HOJAS"
152,"PELICULA RADIOLOGICA CON BASE POLIESTER, 11"" x 14"" FLUORESCENCIA VERDE, CAJA DE 100"
153,"PELICULA RADIOLOGICA CON BASE POLIESTER, 14"" x 14"" FLUORESCENCIA VERDE, CAJA DE 100"
154,"PELICULA RADIOLOGICA CON BASE POLIESTER, 14"" x 17"" FLUORESCENCIA VERDE, CAJA DE 100"
155,"PELICULA RADIOGR?FICA CON BASE POLIESTER, 14"" x 17"" (35 x 43)cm, SENSIBLE AL INFRAROJO, PARA IMPRESI?N LASER EN SECO, SEG?N MARCA Y MODELO DE IMPRESORA, CAJA DE (100-125) HOJAS"
156,"PELICULA RADIOLOGICA CON MUESCA, PARA MAMOGRAFIA, DE UNA EMULSION, CON BASE POLIESTER (24-25 x 29-30) cm, FLUORESCENCIA VERDE, CAJA DE 100"
157,"PELICULA RADIOLOGICA CON MUESCA, PARA MAMOGRAFIA, DE UNA EMULSION, CON BASE POLIESTER,(18-20 x 24-25) cm, FLUORESCENCIA VERDE, CAJA DE 100"
158,"PELICULA RADIOGR?FICA PARA MAMOGRAFIA, CON BASE POLIESTER, 8"" x 10"" (20 x 25) cm, SENSIBLE AL INFRAROJO, PARA IMPRESI?N LASER EN SECO, SEG?N MARCA Y MODELO DE IMPRESORA, CAJA DE ( 100-125) HOJAS"
159,"PELICULA RADIOGR?FICA PARA MAMOGRAFIA, CON BASE POLIESTER, 10"" x 12"" (25 x 30) cm, SENSIBLE AL INFRAROJO, PARA IMPRESI?N LASER EN SECO, SEG?N MARCA Y MODELO DE IMPRESORA, CAJA DE (100-125) HOJAS"
160,"PELICULA RADIOLOGICA (35 x 43)cm, EB 1, PARA TOMOGRAFIA, CAJA DE 100"
161,"PELICULA RADIOLOGICA (35 x 43)cm, INFRAROJA (EIR-1), CAJA DE 100"
162,"PELICULA RADIOLOGICA PERIAPICAL (31 x 41) mm"
163,"PELICULA RADIOLOGICA PERIOCLUSAL"
164,"PELICULA RADIOLOGICA BASE AZUL, TAMA?O 11"" x 14"", PARA IMPRESOR T?RMICO, SEG?N MARCA Y MODELO DE IMPRESOR"
165,"PELICULA RADIOL?GICA 14"" x 17"", PAPEL T?RMICO AZUL, CAJA DE 125 HOJAS, SEG?N MARCA Y MODELO DE IMPRESOR"
166,"SOLUCI?N INICIADORA PARA PROCESADORA AUTOMATICA, FRASCO DE 1 LITRO"
167,"BOLSA PARA ENEMA DE BARIO CON SU EQUIPO COMPLETO, CON BALON"
168,"BOLSA PARA ENEMA DE BARIO CON SU EQUIPO COMPLETO, SIN BALON"
169,"MEDIO DE CONTRASTE PARAMAGN?TICO DE ELIMINACION RENAL, FRASCO 15ml"
170,"MEDIO DE CONTRASTE YODADO AL (30 - 50)% NO IONIZADO,FRASCO VIAL (30 - 50)ml"
171,"MEDIO DE CONTRASTE YODADO PARA ESTUDIO DE VIAS BILIARES, 500mg TABLETA ? CAPSULA, VIA ORAL, FRASCO x 6, PROTEGIDO DE LA LUZ"
172,"MEDIO DE CONTRASTE YODADO POR VIA ENDOVENOSA AL 60%, FRASCO VIAL (100 - 200)ml"
173,"MEDIO DE CONTRASTE YODADO POR VIA ENDOVENOSA AL (60 - 70)% IONIZADO, FRASCO VIAL (30 - 50)ml"
174,"RADIOISOTOPOS DIAGNOSTICOS Tc99 DTPA Y DMSA"
175,"RADIO ISOTOPO 131 DEL YODO (I-131), SOLUCI?N ORAL TERAP?UTICA, FRASCO VIAL DE 6 ml, ACTIVIDAD 150 mCi (MILICURI), PRECALIBRADO."
176,"SAL EFERVESCENTE BEBIBLE, PARA DOBLE MEDIO DE CONTRASTE, SOBRE 3g"
177,"SULFATO DE BARIO (300-460)g, USO HUMANO"
178,"SULFATO DE BARIO, SUSPENSION AL 4.6%, VIA ORAL, FRASCO (60 -100)ml"
179,"SULFATO DE BARIO, SUSPENSION AL 4.6%, VIA ORAL, FRASCO (150 -250)ml"
180,"SULFATO DE BARIO, SUSPENSION AL 7% VIA ORAL, FRASCO (150 -250)ml"
181,"CONECTOR EN ""Y"", DE (60 - 100 ) PULGADAS DE LONGITUD, PARA INYECTOR SEG?N MARCA Y MODELO, EMPAQUE INDIVIDUAL ESTERIL DESCARTABLE"
182,"JERINGA DE 200 ml PARA INYECTOR AUTOMATICO, CON CONECTOR EN ""Y"" DE (60-100) PULGADAS Y BASTON PARA LLENADO, SEG?N MARCA Y MODELO, EMPAQUE INDIVIDUAL ESTERIL, DESCARTABLE"
183,"JERINGA DUAL DE 65 ml Y 115ml, COMPATIBLE CON INYECTOR, INCLUYE TUBO CONECTOR DE (60 - 100) PULGADAS, SEG?N MARCA YMODELO, EMPAQUE INDIVIDUAL ESTERIL, DESCARTABLE"
184,"MEDIO DE CONTRASTE NO IONICO AL 68%, EN JERINGA PRE-LLENADA DE (100-125) ml (320mg/ ml ), SEG?N MARCA Y MODELO, EMPAQUE INDIVIDUAL ESTERIL"
185,"PELICULA RADIOLOGICA ( 8.5 X 11 ) PULGADAS, PARA IMPRESI?N EN SECO, A COLOR, TIPO CROMOVISTA, CAJA DE 100 ( INCLUYE CARTUCHO DE TINTA ), SEG?N MARCA Y MODELO DE IMPRESOR"
186,"PELICULA RADIOLOGICA BASE AZUL ( 14 X 17 ) PULGADAS PARA IMPRESI?N EN SECO, CAJA DE 100, SEG?N MARCA Y MODELO DE IMPRESOR"
187,"TUBO CONECTOR DE BAJA PRESION DE ( 96-100 ) PULGADAS, COMPATIBLE CON INYECTOR, SEG?N MARCA Y MODELO, EMPAQUE INDIVIDUAL ESTERIL, DESCARTABLE"
188,"CONECTOR EN ESPIRAL, (60 - 100 ) PULGADAS DE LONGITUD, PARA INYECTOR, SEG?N MARCA Y MODELO, EMPAQUE INDIVIDUAL ESTERIL DESCARTABLE"
189,"ALMOHADILLA PARA CLIP NASAL, PARA REALIZACION DE ESPIROMETRIAS"
190,"BOQUILLA CUADRO TARJETA TAMA?O ESTANDAR, PARA EQUIPO DE ESPIROMETRIA, DESCARTABLE, SEGUN MARCA Y MODELO"
191,"CAMARA HUMIDIFICADORA DE CASCADA PARA VENTILADOR, SEGUN MARCA Y MODELO"
192,"CLIP NASAL PARA REALIZACION DE ESPIROMETRIAS"
193,"CONECTOR ADAPATADOR PARA REGULADOR DE FLUJO DE OXIGENO (NIPPLE) DESCARTABLE, EMPAQUE INDIVIDUAL O CAJA POR 50"
194,"ESPACIADOR DE VOLUMEN, PL?STICO Y ATOXICO, CON BOQUILLA Y ADAPTADOR UNIVERSAL, USO ADULTO"
195,"ESPACIADOR DE VOLUMEN, PL?STICO Y ATOXICO, CON MASCARILLA Y ADAPTADOR UNIVERSAL, USO PEDIATRICO"
196,"ESPACIADOR DE VOLUMEN, PL?STICO, PARA USO EN VENTILADOR MEC?NICO, EMPAQUE INDIVIDUAL, REUSABLE"
197,"FRASCO HUMIDIFICADOR DE BURBUJA, PARA ADMINISTRACION DE OXIGENO, DESCARTABLE"
198,"FRASCO HUMIDIFICADOR DE BURBUJA, PARA ADMINISTRACION DE OXIGENO, REUSABLE"
199,"FRASCO MACRONEBULIZADOR PARA ADMINISTRACION DE OXIGENO, CON SISTEMA VENTURY, DESCARTABLE"
200,"INSPIROMETRO INCENTIVO PARA TERAPIA RESPIRATORIA CON CAPACIDAD DE (2000-5000)ml EMPAQUE INDIVIDUAL, DESCARTABLE"
201,"MEDIDOR DE FLUJO CON BOQUILLA PL?STICA REUSABLE, CON ALCANCE UNIVERSAL (50-750 L / por minuto ) Y MEDIDOR CENTRAL"
202,"MICRONEBULIZADOR CON MASCARILLA PARA ADULTO Y TUBO DE EXTENSION DE 7 PIES, EMPAQUE INDIVIDUAL , DESCARTABLE"
203,"MICRONEBULIZADOR CON MASCARILLA PEDIATRICA Y TUBO DE EXTENSION DE 7 PIES, EMPAQUE INDIVIDUAL, DESCARTABLE"
204,"MICRONEBULIZADOR CON PIEZA EN T, PARA CIRCUITO NEONATAL, EMPAQUE INDIVIDUAL"
205,"MEMBRANA PARA V?LVULA EXHALATORIA DE VENTILADOR MEC?NICO, SEG?N MARCA Y MODELO"
206,"PULM?N DE ENSAYO (PRUEBA) PARA VENTILADOR MEC?NICO, TAMA?O NEONATAL, ( 50-75) ml, SEGUN MARCA Y MODELO"
207,"PULM?N DE ENSAYO (PRUEBA) PARA VENTILADOR MEC?NICO, TAMA?O PEDIATRICO,100 ml, SEGUN MARCA Y MODELO"
208,"PULM?N DE ENSAYO (PRUEBA) PARA VENTILADOR MEC?NICO, TAMA?O ADULTO, 1000 ml, SEG?N MARCA Y MODELO"
209,"SET DE TUBOS CORRUGADOS CON V?LVULA EXPIRATORIA, EMPAQUE INDIVIDUAL DESCARTABLE"
210,"MASCARA PARA RESUCITACI?N CARDIOPULMONAR, ADULTO, (13-14 x 11-12 x 4-5) cm, CON V?LVULA DE PASO ?NICO Y FILTRO BACTERIANO, EMPAQUE INDIVIDUAL, REUSABLE"
211,"MASCARILLA PARA ADMINISTRACION DE OXIGENO CON SISTEMA VENTURY,TAMA?O PEDIATRICO, DESCARTABLE"
212,"MASCARILLA PARA ADMINISTRACION DE OXIGENO CON SISTEMA VENTURY, TAMA?O ADULTO, DESCARTABLE"
213,"MASCARILLA DE REINHALACION CON RESERVORIO PARA ADMINISTRACION DE OXIGENO Y TUBO EXTENSION DE 7 PIES,TAMA?O ADULTO, DESCARTABLE"
214,"MASCARILLA DE REINHALACION CON RESERVORIO PARA ADMINISTRACION DE OXIGENO Y TUBO EXTENSION DE 7 PIES,TAMA?O INFANTIL, DESCARTABLE"
215,"MASCARILLA DE REINHALACION SIN RESERVORIO PARA ADMINISTRACION DE OXIGENO Y TUBO EXTENSION DE 7 PIES,TAMA?O ADULTO, DESCARTABLE"
216,"MASCARILLA DE REINHALACION SIN RESERVORIO PARA ADMINISTRACION DE OXIGENO Y TUBO EXTENSION DE 7 PIES,TAMA?O INFANTIL, DESCARTABLE"
217,"MASCARILLA DE REINHALACION SIN RESERVORIO PARA ADMINISTRACION DE OXIGENO Y TUBO EXTENSION DE 7 PIES,TAMA?O NEONATAL, DESCARTABLE"
218,"MASCARILLA DE NO REINHALACION CON RESERVORIO PARA ADMINISTRACION DE OXIGENO Y TUBO DE EXTENSION DE 7 PIES, TAMA?O PEDIATRICO, DESCARTABLE"
219,"MASCARILLA DE NO REINHALACION CON RESERVORIO PARA ADMINISTRACION DE OXIGENO Y TUBO DE EXTENSION DE 7 PIES, TAMA?O ADULTO, DESCARTABLE"
220,"MASCARILLA FACIAL PARA VENTILACION NO INVASIVA, TIPO CPAP O BIPAP, TAMA?O MEDIANO, DESCARTABLE"
221,"MASCARILLA FACIAL PARA VENTILACION NO INVASIVA, TIPO CPAP O BIPAP, TAMA?O GRANDE, DESCARTABLE"
222,"ADAPTADOR EN ""T"" (2 - 2.5)cm DE LARGO x (1 ? 1.5)cm DE DIAMETRO, EMPAQUE INDIVIDUAL ESTERIL, DESCARTABLE"
223,"ADAPTADOR EN ""T"", ( 2 ? 2.5)cm DE LARGO x (2 ? 2.5)cm DE DIAMETRO, EMPAQUE INDIVIDUAL ESTERIL, DESCARTABLE"
224,"ALMOHADILLA OBSTETRICA DE ALTA ABSORCION PARA USO MATERNAL Y POST-PARTO"
225,"ASA DE RADIOCIRUGIA PARA HISTEROSCOPIO, DESCARTABLE"
226,"ASA PARA RADIOCIRUGIA EN FORMA DE BOLA, DESCARTABLE"
227,"ASA PARA RADIOCIRUGIA EN FORMA DE PALETA, DESCARTABLE"
228,"ASA PARA RADIOCIRUGIA EN FORMA DE PUNTA, DESCARTABLE"
229,"BAJALENGUAS DE MADERA, SUPERFICIE LISA 3/4"" x 6"", DESCARTABLE, EMPAQUE O CAJA x 100 - 200"
230,"BOLSA URINARIA GRADUADA, CAPACIDAD (1 - 2) L, V?LVULA DE VACIADO, ANTIREFLUJO, FIJA,DE LATEX, CON FILTRO ANTIBACTERIANO,EMPAQUE INDIVIDUAL ESTERIL, DESCARTABLE"
231,"BOLSA URINARIA GRADUADA, CAPACIDAD (1-2) L, V?LVULA DE VACIADO, FIJA, DE LATEX, EMPAQUE INDIVIDUAL ESTERIL, DESCARTABLE"
232,"CEPILLO PARA TOMA DE CITOLOGIA ENDOCERVICAL,DESCARTABLE"
233,"CEPILLO PARA TOMA DE CITOLOGIA, PARA FIBROBRONCOSCOPIO, EMPAQUE INDIVIDUAL ESTERIL, DESCARTABLE"
234,"CEPILLO QUIR?RGICO CON JABON YODADO, EMPAQUE INDIVIDUAL ESTERIL, DESCARTABLE"
235,"CINTA UMBILICAL 10-A, HEBRAS 30-32mm x 45cm, SOBRE ESTERIL, DESCARTABLE"
236,"CINTA UMBILICAL 10-A, ROLLO DE 100 YARDAS., EN FRASCO DISPENSADOR, DESCARTABLE"
237,"CLAMP PARA CIERRE DE LINEA, EMPAQUE INDIVIDUAL ESTERIL, DESCARTABLE"
238,"CLIP UMBILICAL, EMPAQUE INDIVIDUAL ESTERIL,DESCARTABLE"
239,"DESCARTABLE PARA BOMBA DE INFUSION VOLUMETRICA, MACRO MICRO, EXTENSION (2.5 - 3) m, EMPAQUE INDIVIDUAL ESTERIL, SEGUN MARCA Y MODELO"
240,"DESCARTABLE PARA BOMBA DE INFUSION VOLUMETRICA, MACRO MICRO, OSCURO, EXTENSION (2.5 - 3) m, EMPAQUE INDIVIDUAL ESTERIL, SEGUN MARCA Y MODELO"
241,"DESCARTABLE PARA BOMBA DE INFUSION VOLUMETRICA MACRO, EXTENSION (2.5 - 3) m, EMPAQUE INDIVIDUAL ESTERIL, SEG?N MARCA Y MODELO"
242,"DESCARTABLE PARA BOMBA DE INFUSION VOLUMETRICA MICRO, EXTENSION (2.5 - 3)m, EMPAQUE INDIVIDUAL ESTERIL, SEG?N MARCA Y MODELO"
243,"DESCARTABLE PARA BOMBA DE PERFUSION, OSCURO, CON LUER LOCK, EMPAQUE INDIVIDUAL ESTERIL, SEG?N MARCA Y MODELO"
244,"DESCARTABLE PARA BOMBA DE PERFUSION, TRASPARENTE CON LUER LOCK, EMPAQUE INDIVIDUAL ESTERIL, SEG?N MARCA Y MODELO"
245,"DESCARTABLE PARA SUERO SIN AGUJA, CON VENTANA,  DE 2.5 YARDAS CON LUER LOCK, ADAPTADOR EN ""Y"",20 GOT/ml, EMPAQUE INDIVIDUAL ESTERIL"
246,"DESCARTABLE PARA SUERO SIN AGUJA, CON VENTANA, DE 2.5 YARDAS LUER SLIP, CON O SIN ROSCA MOVIL, ADAPTADOR EN ""Y"",20 GOT/ml, EMPAQUE INDIVIDUAL ESTERIL"
247,"DILATADOR DE BAL?N PARA ESTENOSIS ESOF?GICA O PIL?RICA, CON BAL?N DE (11-12)mm, LONGITUD DE BAL?N (8-10)cm, PARA CANAL DE TRABAJO DE (2.5 - 3)mm, EMPAQUE INDIVIDUAL EST?RIL, DESCARTABLE"
248,"DRENO DE PENROSE 13mm x (30- 45)cm, (1/2"" x 12""- 18""), EMPAQUE INDIVIDUAL ESTERIL, DESCARTABLE"
249,"DRENO DE PENROSE 25mm x (30- 45) cm, (1"" x 12"" -18""), EMPAQUE INDIVIDUAL ESTERIL, DESCARTABLE"
250,"DRENO DE PENROSE 6mm x (30 - 45 )cm  (1/4"" x 12""-18"") EMPAQUE INDIVIDUAL ESTERIL, DESCARTABLE"
251,"EQUIPO COMPLETO PARA EXSANGUINEO TRANSFUSION, EMPAQUE INDIVIDUAL ESTERIL,DESCARTABLE"
252,"EQUIPO DE TRANSFERENCIA PARA MEZCLADORA AUTOMATIZADA DE ALIMENTACION PARENTERAL, EMPAQUE INDIVIDUAL ESTERIL, DESCARTABLE, SEGUN MARCA Y MODELO"
253,"EQUIPO PARA ADMINISTRACION DE SOLUCIONES CARDIOPLEGICAS, EMPAQUE INDIVIDUAL ESTERIL, DESCARTABLE"
254,"EQUIPO PARA PRESION VENOSA CENTRAL, CON LLAVE, 3 VIAS ESCALA EN cm Y TUBOS DE CONEXION (COMPLETO),EMPAQUE INDIVIDUAL ESTERIL, DESCARTABLE"
255,"ESPATULA DE AYRE, DE MADERA, DESCARTABLE"
256,"EXTENSION PARA INFUSION, CON V?LVULA DE 3-4 VIAS,LONGITUD (100-150) cm, CON LUER LOCK , EMPAQUE INDIVIDUAL ESTERIL,DESCARTABLE"
257,"EXTENSION PARA INFUSION O MEDICI?N DE PRESIONES INVASIVAS 0.5mm CON V?LVULA DE 3-4 VIAS,LONGITUD 30cm,CON LUER LOCK, EMPAQUE INDIVIDUAL ESTERIL"
258,"EXTENSION PARA INFUSION, LONGITUD 30cm,CON LUER LOCK, EMPAQUE INDIVIDUAL ESTERIL, DESCARTABLE"
259,"EXTENSION PARA PERFUSION, LONGITUD ( 100-150)cm, CON LUER LOCK, EMPAQUE INDIVIDUAL ESTERIL, DESCARTABLE"
260,"FRASCO PL?STICO PARA APARATO DE SUCCION DE 1500-2000ml, DESCARTABLE"
261,"FILTRO PARA PREPARACION DE SOLUCIONES CITOSTATICAS,EMPAQUE INDIVIDUAL ESTERIL, DESCARTABLE"
262,"GORRO DESCARTABLE, PARA CIRUJANO"
263,"GORRO DESCARTABLE, PARA ENFERMERA"
264,"HEMOCONCENTRADOR PEDIATRICO LIBRE DE GLICERINA CON LINEAS PARA CAMPO Y MESA, EMPAQUE INDIVIDUAL ESTERIL, DESCARTABLE"
265,"INFUSOR INTRAVENOSO CON BURETA GRADUADA 100- 150ml Y MICROGOTERO (60 GOTAS/ml), EMPAQUE INDIVIDUAL ESTERIL, DESCARTABLE"
266,"INTRODUCTOR 6 Fr CON V?LVULA ANTIRREFLUJO, 10cm DE LONGITUD EMPAQUE INDIVIDUAL ESTERIL, DESCARTABLE"
267,"INTRODUCTOR VENOSO DE (6.5 - 7 ) Fr, (10 - 11) cm DE LONGITUD CON V?LVULA HEMOSTATICA ANTIRREFLUJO PARA COLOCACION DE CATETER BIPOLAR DE MARCAPASO ""Y"" Y EN ""J"", CON DILATADOR DE POLIETILENO POR TECNICA DE SELDINGER, EMPAQUE INDIVIDUAL ESTERIL, DESCARTABLE"
268,"INTRODUCTOR 8 Fr CON V?LVULA ANTIRREFLUJO, 10cm DE LONGITUD, EMPAQUE INDIVIDUAL ESTERIL, DESCARTABLE"
269,"LANCETA AUTOMATICA PARA PUNCION DE TALON PARA TOMA DE MUESTRA DE SANGRE CON HOJA DE 1.2 mm DE PENETRACION Y 1.5 mm DE ANCHO, EMPAQUE INDIVIDUAL ESTERIL, DESCARTABLE"
270,"MAQUINA PARA AFEITAR, TIPO RASTRILLO DE 2 HOJAS,DESCARTABLE"
271,"MICROLANCETA PARA APLICACION DE ALERGENOS, EMPAQUE INDIVIDUAL ESTERIL, DESCARTABLE"
272,"OXIGENADOR PEDIATRICO DE FIBRA HUECA, CON LINEAS PARA CAMPO Y MESA, EMPAQUE INDIVIDUAL ESTERIL, DESCARTABLE"
273,"PA?AL GRANDE PARA NI?O, DESCARTABLE"
274,"PA?AL GRANDE PARA ADULTO, DESCARTABLE"
275,"PA?AL MEDIANO PARA NI?O, DESCARTABLE"
276,"PA?AL MEDIANO PARA ADULTO, DESCARTABLE"
277,"PA?AL PEQUE?O PARA NI?O, DESCARTABLE"
278,"PA?AL PEQUE?O PARA ADULTO,DESCARTABLE"
279,"PAQUETE QUIR?RGICO DE LAPARATOMIA, EMPAQUE INDIVIDUAL ESTERIL,DESCARTABLE"
280,"PALILLOS APLICADORES DE MADERA 6"", SIN ALGODON, CAJA DE 1000, DESCARTABLE"
281,"REGLETA DE TRES LLAVES, DE TRES V?AS CADA UNA, CON DESCARTABLE PARA TERAPIA DE INFUSI?N DE MEDICAMENTOS Y MONITORIZACION, EMPAQUE INDIVIDUAL EST?RIL, DESCARTABLE."
282,"SET DE CITOSTOMIA PERCUTANEA 8 Fr, ESTERIL, DESCARTABLE"
283,"SET DE CITOSTOMIA PERCUTANEA 10 Fr, ESTERIL, DESCARTABLE"
284,"SET DE CITOSTOMIA PERCUTANEA 12 Fr, ESTERIL, DESCARTABLE"
285,"SET DE CITOSTOMIA PERCUTANEA 16 Fr, ESTERIL, DESCARTABLE"
286,"SET DE CITOSTOMIA PERCUTANEA 22 Fr, ESTERIL, DESCARTABLE"
287,"SET DE NEFROSTOMIA PERCUTANEA 8Fr, ESTERIL, DESCARTABLE"
288,"SET DE NEFROSTOMIA PERCUTANEA 12 Fr, ESTERIL, DESCARTABLE"
289,"SET DE NEFROSTOMIA PERCUTANEA 14 Fr, ESTERIL, DESCARTABLE"
290,"SET DE NEFROSTOMIA PERCUTANEA 16 Fr, ESTERIL, DESCARTABLE"
291,"SET DE NEFROSTOMIA PERCUTANEA 18 Fr, ESTERIL, DESCARTABLE"
292,"SISTEMA COMPLETO PARA CPAP, CON CANULA NASAL PARA NEONATO, N? 0, DESCARTABLE"
293,"SISTEMA COMPLETO PARA CPAP , CON CANULA NASAL PARA NEONATO, N? 1, DESCARTABLE"
294,"SISTEMA COMPLETO PARA CPAP,CON CANULA NASAL PARA NEONATO, N? 2, DESCARTABLE"
295,"SISTEMA COMPLETO PARA CPAP,CON CANULA NASAL PARA NEONATO, N? 3, DESCARTABLE"
296,"SISTEMA DE SUCCION CERRADO 8Fr, CON SU EQUIPO CONECTOR DE (50-100) ml, GRADUADO, EMPAQUE INDIVIDUAL ESTERIL, DESCARTABLE"
297,"SISTEMA DE SUCCION CERRADO 10Fr, EMPAQUE INDIVIDUAL ESTERIL DESCARTABLE , CON SU EQUIPO CONECTOR DE (50-100) ml, GRADUADO"
298,"SISTEMA DE SUCCION CERRADO 10Fr, EMPAQUE INDIVIDUAL ESTERIL DESCARTABLE, CON SU EQUIPO CONECTOR DE (400-500) ml, GRADUADO"
299,"SISTEMA DE SUCCION CERRADO 12Fr, EMPAQUE INDIVIDUAL ESTERIL DESCARTABLE, CON SU EQUIPO CONECTOR DE (400-500) ml, GRADUADO"
300,"SISTEMA DE SUCCION CERRADO 14Fr, CON SU EQUIPO CONECTOR DE (50-100) ml, GRADUADO, EMPAQUE INDIVIDUAL ESTERIL DESCARTABLE"
301,"SISTEMA DE SUCCION CERRADO 14Fr, EMPAQUE INDIVIDUAL ESTERIL DESCARTABLE, CON SU EQUIPO CONECTOR DE (400-500) ml, GRADUADO"
302,"SISTEMA DE SUCCION CERRADO 15Fr, EMPAQUE INDIVIDUAL ESTERIL DESCARTABLE, CON SU EQUIPO CONECTOR DE (400-500) ml, GRADUADO"
303,"SISTEMA DE SUCCION CERRADO 16Fr, CON SU EQUIPO CONECTOR DE ( 50-100) ml, GRADUADO, EMPAQUE INDIVIDUAL ESTERIL DESCARTABLE"
304,"SISTEMA DE SUCCION CERRADO 16Fr, EMPAQUE INDIVIDUAL ESTERIL DESCARTABLE, CON SU EQUIPO CONECTOR DE (400-500) ml, GRADUADO"
305,"SISTEMA DE SUCCION CERRADO 17Fr, EMPAQUE INDIVIDUAL ESTERIL DESCARTABLE, CON SU EQUIPO CONECTOR DE (400-500) ml, GRADUADO"
306,"SISTEMA DE SUCCION CERRADO 18Fr, EMPAQUE INDIVIDUAL ESTERIL DESCARTABLE, CON SU EQUIPO CONECTOR DE (400-500) ml, GRADUADO"
307,"SISTEMA DE SUCCION CERRADO 19Fr, EMPAQUE INDIVIDUAL ESTERIL DESCARTABLE, CON SU EQUIPO CONECTOR DE (400-500) ml, GRADUADO"
308,"SONDA PARA ASPIRAR, DE SISTEMA CERRADO 6 Fr, EMPAQUE INDIVIDUAL ESTERIL"
309,"SONDA PARA ASPIRAR, DE SISTEMA CERRADO 8 Fr, EMPAQUE INDIVIDUAL ESTERIL"
310,"SONDA PARA ASPIRAR, DE SISTEMA CERRADO, 10 Fr, EMPAQUE INDIVIDUAL ESTERIL"
311,"SONDA PARA ASPIRAR, DE SISTEMA CERRADO, 12 Fr, EMPAQUE INDIVIDUAL ESTERIL"
312,"SONDA PARA ASPIRAR, DE SISTEMA CERRADO, 14 Fr, EMPAQUE INDIVIDUAL ESTERIL"
313,"SONDA PARA ASPIRAR, DE SISTEMA CERRADO, 16 Fr, EMPAQUE INDIVIDUAL ESTERIL"
314,"TRAJE PARA CIRUJANO, TALLA S, EMPAQUE INDIVIDUAL,DESCARTABLE"
315,"TRAJE PARA CIRUJANO, TALLA M, EMPAQUE INDIVIDUAL,DESCARTABLE"
316,"TRAJE PARA CIRUJANO, TALLA L, EMPAQUE INDIVIDUAL,DESCARTABLE"
317,"TRAJE PARA CIRUJANO, TALLA XL, EMPAQUE INDIVIDUALDESCARTABLE"
318,"V?LVULA DE 1 VIA,EMPAQUE INDIVIDUAL ESTERIL, DESCARTABLE"
319,"V?LVULA DE 3 VIAS,EMPAQUE INDIVIDUAL ESTERIL, DESCARTABLE"
320,"V?LVULA PARA ORIFICIO DE TOMA DE MUESTRA, PARA FIBROBRONCOSCOPIO, SEG?N MARCA Y MODELO, EMPAQUE INDIVIDUAL ESTERIL, DESCARTABLE"
321,"V?LVULA PARA ORIFICIO DE SUCCION, PARA FIBROBRONCOSCOPIO, SEGUN MARCA Y MODELO, EMPAQUE INDIVIDUAL ESTERIL, DESCARTABLE"
322,"ZAPATERA DESCARTABLE, TALLA UNIVERSAL, CON SUPERFICIE ANTIDESLIZANTE, PAR."
323,"AGUJAS DESCARTABLES 18 x 1 1/2"", EMPAQUE INDIVIDUAL ESTERIL"
324,"AGUJAS DESCARTABLES 20 x 1 1/2"", EMPAQUE INDIVIDUAL ESTERIL"
325,"AGUJAS DESCARTABLES 21 x 1"", EMPAQUE INDIVIDUAL ESTERIL"
326,"AGUJAS DESCARTABLES 21 x 1 1/2"", EMPAQUE INDIVIDUAL ESTERIL"
327,"AGUJAS DESCARTABLES 21 x 2"", EMPAQUE INDIVIDUAL ESTERIL"
328,"AGUJAS DESCARTABLES 22 x 1 1/2"", EMPAQUE INDIVIDUAL ESTERIL"
329,"AGUJAS DESCARTABLES 22 x 2"", EMPAQUE INDIVIDUAL ESTERIL"
330,"AGUJAS DESCARTABLES 23 x 1"", EMPAQUE INDIVIDUAL ESTERIL"
331,"AGUJAS DESCARTABLES 23 x 1 1/2"", EMPAQUE INDIVIDUAL ESTERIL"
332,"AGUJAS DESCARTABLES 25 x 5/8"", EMPAQUE INDIVIDUAL ESTERIL"
333,"AGUJA 25G x 1/2"", EMPAQUE INDIVIDUAL ESTERIL,DESCARTABLEListado Oficial Insumos M?dico Quir?rgicos 23 oct 2014"
334,"AGUJA 25G x 1?, EMPAQUE INDIVIDUAL ESTERIL, DESCARTABLE"
335,"AGUJA 25G x 1 1/2"", EMPAQUE INDIVIDUAL ESTERIL,DESCARTABLE"
336,"AGUJAS DESCARTABLES 26 x 1/2"", EMPAQUE INDIVIDUAL ESTERIL"
337,"AGUJAS DESCARTABLES 27 x 1/2"", EMPAQUE INDIVIDUAL ESTERILListado Oficial Insumos M?dico Quir?rgicos 23 oct 2014"
338,"AGUJAS DESCARTABLES 27 x 1 1/2"", EMPAQUE INDIVIDUAL ESTERIL"
339,"AGUJAS DESCARTABLES 30 x 1/2"", EMPAQUE INDIVIDUAL ESTERIL"
340,"AGUJAS DESCARTABLES 30 x 1 1/2"", EMPAQUE INDIVIDUALESTERIL"
341,"AGUJA PARA ASPIRADO Y TOMA DE BIOPSIA OSEA, 8G x 10 cm DE LONGITUD, CON ADAPTADOR LUER LOCK, EMPAQUE INDIVIDUAL ESTERIL, DESCARTABLE"
342,"AGUJA ERGONOMICA DE ASPIRACION MEDULAR 11G x 10cm, EMPAQUE INDIVIDUAL ESTERIL"
343,"AGUJA TIPO COURNARD POTSS PARA ARTERIOGRAFIA N? 18 x 2.3/64, DIAMETRO 0.035-0.0038, CON OBTURADOR, EMPAQUE INDIVIDUAL ESTERIL"
344,"AGUJA PARA ASPIRADO Y BIOPSIA OSEA, 11G x 10 cm, CON ADAPTADOR LUER LOCK, EMPAQUE INDIVIDUAL ESTERIL"
345,"AGUJA PARA ASPIRADO Y TOMA DE BIOPSIA OSEA, 13G x (10-15)cm DE LONGITUD, CON ADAPTADOR LUER LOCK, EMPAQUE INDIVIDUAL ESTERIL, DESCARTABLE"
346,"AGUJA PARA BIOPSIA TIPO CHIVA 22 Fr DE 10-30cm DE LARGO, EMPAQUE INDIVIDUAL ESTERIL, DESCARTABLE"
347,"AGUJA PARA BIOPSIA TIPO CHIVA 23 Fr DE 10-30cm DE LARGO, EMPAQUE INDIVIDUAL ESTERIL, DESCARTABLE"
348,"AGUJA PARA ASPIRADO Y BIOPSIA DE MEDULA OSEA, 16G x (2-4) cm, CON ADAPTADOR LUER LOCK, EMPAQUE INDIVIDUAL ESTERIL"
349,"AGUJA PARA ASPIRADO Y BIOPSIA DE MEDULA OSEA, 16G x (6-8) cm, CON ADAPTADOR LUER LOCK, EMPAQUE INDIVIDUAL ESTERIL"
350,"AGUJA DE PUNCION LUMBAR 18 x 2"", EMPAQUE INDIVIDUAL ESTERIL, DESCARTABLE"
351,"AGUJA DE PUNCION LUMBAR 18 x 3"", EMPAQUE INDIVIDUAL ESTERIL, DESCARTABLE"
352,"AGUJA DE PUNCION LUMBAR 20 x 2-2 1/2"", EMPAQUE INDIVIDUAL ESTERIL, DESCARTABLE"
353,"AGUJA DE PUNCION LUMBAR 20 x 3 1/2"", EMPAQUE INDIVIDUAL ESTERIL, DESCARTABLE"
354,"AGUJA DE PUNCION LUMBAR 22 x 1 1/2"", EMPAQUE INDIVIDUAL ESTERIL, DESCARTABLE"
355,"AGUJA DE PUNCION LUMBAR 22 x 2- 2 1/2"", EMPAQUE INDIVIDUAL ESTERIL, DESCARTABLE"
356,"AGUJA DE PUNCION LUMBAR 22 x 3 1/2"", EMPAQUE INDIVIDUAL ESTERIL, DESCARTABLE"
357,"AGUJA DE PUNCION LUMBAR 22 x 4 1/2"", EMPAQUE INDIVIDUAL ESTERIL, DESCARTABLE"
358,"AGUJA DE PUNCION LUMBAR 22 x 4 3/4"", EMPAQUE INDIVIDUAL ESTERIL, DESCARTABLE"
359,"AGUJA DE PUNCION LUMBAR 22G x 7"", EMPAQUE INDIVIDUAL ESTERIL, DESCARTABLE"
360,"AGUJA DE PUNCION LUMBAR 23 x 3 1/2"", EMPAQUE INDIVIDUAL ESTERIL, DESCARTABLE"
361,"AGUJA DE PUNCION LUMBAR 23 x 4 1/2"", EMPAQUE INDIVIDUAL ESTERIL, DESCARTABLE"
362,"AGUJA DE PUNCION LUMBAR 24 x 1"", EMPAQUE INDIVIDUAL ESTERIL, DESCARTABLE"
363,"AGUJA DE PUNCION LUMBAR 24 x 1 1/2"", EMPAQUE INDIVIDUAL ESTERIL, DESCARTABLE"
364,"AGUJA DE PUNCION LUMBAR 24 x 4 1/2"", EMPAQUE INDIVIDUAL ESTERIL, DESCARTABLE"
365,"AGUJA DE PUNCION LUMBAR 25 x 3 1/2"", EMPAQUE INDIVIDUAL ESTERIL, DESCARTABLE"
366,"AGUJA DE PUNCION LUMBAR 25 x 4 1/2"", EMPAQUE INDIVIDUAL ESTERIL, DESCARTABLE"
367,"AGUJA DE PUNCION LUMBAR 26 x 3 1/2"", EMPAQUE INDIVIDUAL ESTERIL, DESCARTABLE"
368,"AGUJA DE PUNCION LUMBAR 26 x 3 3/4"", EMPAQUE INDIVIDUAL ESTERIL, DESCARTABLE"
369,"AGUJA DE PUNCION LUMBAR 27 x 3 1/2"", EMPAQUE INDIVIDUAL ESTERIL, DESCARTABLE"
370,"AGUJA DE PUNCION LUMBAR 29 x 3 1/2"" , EMPAQUE INDIVIDUAL ESTERIL, DESCARTABLE"
371,"AGUJA DE BISEL CORTO PARA ANESTESIA DE PLEXOS CON TUBO DE INYECCION Y CABLE DE CONEXION HACIA EL ESTIMULADOR NERVIOSO, 21G x 4"", EMPAQUE INDIVIDUAL ESTERIL, DESCARTABLE"
372,"AGUJA DE BISEL CORTO PARA ANESTESIA DE PLEXOS CON TUBO DE INYECCION Y CABLE DE CONEXION HACIA EL ESTIMULADOR NERVIOSO, 22G x 2"" DE ( 0.70 x 50) mm, EMPAQUE INDIVIDUAL ESTERIL, DESCARTABLE"
373,"AGUJA DE BISEL CORTO PARA ANESTESIA DE PLEXOS CON TUBO DE INYECCION Y CABLE DE CONEXION HACIA EL ESTIMULADOR NERVIOSO, 22G x 4"" EMPAQUE INDIVIDUAL ESTERIL, DESCARTABLE"
374,"AGUJA DE BISEL CORTO PARA ANESTESIA DE PLEXOS CON TUBO DE INYECCION Y CABLE DE CONEXION HACIA EL ESTIMULADOR NERVIOSO, 24 G x 1"" DE ( 0.55 x 25) mm, EMPAQUE INDIVIDUAL ESTERIL, DESCARTABLE"
375,"PERICRANEAL, AGUJA N? 21, EMPAQUE INDIVIDUAL ESTERIL, DESCARTABLE"
376,"PERICRANEAL, AGUJA N? 23, EMPAQUE INDIVIDUAL ESTERIL, DESCARTABLE"
377,"AGUJA DE PUNCION INTRAOSEA 22G x (1/2 - 5/8)?, TAMA?O NEONATAL, EMPAQUE INDIVIDUAL ESTERIL, DESCARTABLE"
378,"AGUJA DE PUNCION INTRAOSEA 20G x (3/4 - 1)?, TAMA?O INFANTE, EMPAQUE INDIVIDUAL ESTERIL, DESCARTABLE"
379,"AGUJA DE PUNCION INTRAOSEA 18G x (1 1/2 - 1 3/4 )?, TAMA?O ADULTO, EMPAQUE INDIVIDUAL ESTERIL, DESCARTABLE"
380,"AGUJA DE PUNCION INTRAOSEA 16G x ( 1 1/2 - 1 3/4)?, TAMA?O ADULTO , EMPAQUE INDIVIDUAL ESTERIL, DESCARTABLE"
381,"AGUJA PARA QUIMIOTERAPIA CON ANGULO DE 90 GRADOS, CON BISEL ESPECIAL PROTECTOR DE LA MEMBRANA DE LA CAMARA DEL PUERTO CATETER, CON ALAS DE SUJECION INCORPORADO PARA FACIL MANIPULACI?N,(19-20)G x (20-25)mm DE LONGITUD, EMPAQUE INDIVIDUAL ESTERIL, DESCARTABLE"
382,"JERINGA AUTODESTRUIBLE, DE 0.5ml, DE POLIPROPILENO, CON AGUJA 23G x 1"", 0.6 x 25mm, DESCARTABLE, EMPAQUE INDIVIDUAL ESTERIL"
383,"JERINGA 3ml, CON ADAPTADOR LUER LOCK, AGUJA 21 x 1 1/2"", DESCARTABLE, EMPAQUE INDIVIDUAL ESTERIL"
384,"JERINGA 3ml, CON ADAPTADOR LUER LOCK, AGUJA 22 x 1 1/2"", DESCARTABLE, EMPAQUE INDIVIDUAL ESTERIL"
385,"JERINGA 3ml, CON ADAPTADOR LUER LOCK, AGUJA 23 x 1"", DESCARTABLE, EMPAQUE INDIVIDUAL ESTERIL"
386,"JERINGA 3ml, CON ADAPTADOR LUER LOCK, AGUJA 23 x 1 1/2"", DESCARTABLE, EMPAQUE INDIVIDUAL ESTERIL"
387,"JERINGA 3ml, CON ADAPTADOR LUER LOCK, AGUJA 25 x 1 1/2"", DESCARTABLE, EMPAQUE INDIVIDUAL ESTERIL"
388,"JERINGA 3ml, CON ADAPTADOR LUER LOCK, AGUJA 27 x 1/2"", DESCARTABLE, EMPAQUE INDIVIDUAL ESTERIL"
389,"JERINGA 5ml, CON ADAPTADOR LUER LOCK, AGUJA 21 x 1 1/2"", DESCARTABLE, EMPAQUE INDIVIDUAL ESTERIL"
390,"JERINGA 5ml, CON ADAPTADOR LUER LOCK, Listado Oficial Insumos M?dico Quir?rgicos 23 oct 2014AGUJA 22 x 1 1/2"", DESCARTABLE, EMPAQUE INDIVIDUAL ESTERIL"
391,"JERINGA 10ml, CON ADAPTADOR LUER LOCK, AGUJA 21 x 1 1/2"", DESCARTABLE, EMPAQUE INDIVIDUAL ESTERIL"
392,"JERINGA 10ml, CON ADAPTADOR LUER LOCK, AGUJA 22 x 1 1/2"", DESCARTABLE, EMPAQUE INDIVIDUAL ESTERIL"
393,"JERINGA 10ml, CON ADAPTADOR LUER LOCK, SIN AGUJA, DESCARTABLE, EMPAQUE INDIVIDUAL ESTERIL"
394,"JERINGA 20ml, CON ADAPTADOR LUER LOCK, AGUJA 21 x 1 1/2"", DESCARTABLE, EMPAQUE INDIVIDUAL ESTERIL"
395,"JERINGA 20ml, CON ADAPTADOR LUER LOCK, SIN AGUJA, DESCARTABLE, EMPAQUE INDIVIDUAL ESTERIL"
396,"JERINGA 20ML CON ADAPTADOR LUER LOCK SIN AGUJA, TRANSPARENTE, PARA BOMBA PERFUSORA, CON GUIA PARA INFUSION, EMPAQUE INDIVIDUAL ESTERIL, DESCARTABLE"
397,"JERINGA (50 - 60)ml CON ADAPTADOR LUER LOCK, SIN AGUJA , TRANSPARENTE, PARA PERFUSOR, EMPAQUE INDIVIDUAL ESTERIL, DESCARTABLE"
398,"JERINGA (50 - 60)ml CON ADAPTADOR LUER LOCK, SIN AGUJA DESCARTABLE, EMPAQUE INDIVIDUAL ESTERIL"
399,"JERINGA (50 - 60)ml OSCURA, CON ADAPTADOR LUER LOCK, SIN AGUJA, PARA PERFUSOR, CON GUIA PARA INFUSION"
400,"JERINGA (50 - 60)ml OSCURA, CON ADAPTADOR LUER LOCK, SIN AGUJA, PARA PERFUSOR, SIN GUIA PARA INFUSION"
401,"JERINGA DE GUYON 60ml, DESCARTABLE, EMPAQUE INDIVIDUAL ESTERIL"
402,"JERINGA 1ml, CON AGUJA INTEGRADA 26 A 29 x 1/2"", DESCARTABLE, EMPAQUE INDIVIDUAL ESTERIL,GRADUADA 0 -100 UNIDADES"
403,"JERINGA 1ml, CON AGUJA 23G x 1"", 0.6 x 25mm, DESCARTABLE, EMPAQUE INDIVIDUAL ESTERIL"
404,"JERINGA 1ml, CON AGUJA 26G x 3/8"", 0.45 x 10mm, DESCARTABLE, EMPAQUE INDIVIDUAL ESTERIL"
405,"JERINGA 1ml, CON AGUJA 22G x 1"" - 1 1/2"", 0.7 x 40mm, DESCARTABLE, EMPAQUE INDIVIDUAL ESTERIL"
406,"JERINGA PARA IRRIGACI?N 60-100ml, CON BULBO,DESCARTABLE, EMPAQUE INDIVIDUAL ESTERIL"
407,"JERINGA PARA BCG Y TUBERCULINA 1ml, CON AGUJA 25- 27 x 5/8"", DESCARTABLE, EMPAQUE INDIVIDUAL ESTERIL"
408,"JERINGA DE 1ml, CON AGUJA 26 x 1/2"" DESCARTABLE, EMPAQUE INDIVIDUAL ESTERIL"
409,"JERINGA DE 1ml, CON AGUJA 27 x 1/2"", EMPAQUE INDIVIDUAL ESTERIL, DESCARTABLE"
410,"JERINGA DE ASPIRACION MANUAL ENDOUTERINA (AMEU), DOBLE V?LVULA, EMPAQUE INDIVIDUAL NO ESTERIL"
411,"BOLSA PL?STICA DE ETILENVINILACETATO (EVA), PARA ALIMENTACION PARENTERAL, 500ml, EMPAQUE INDIVIDUAL ESTERIL, DESCARTABLE"
412,"BOLSA PL?STICA DE ETILENVINILACETATO (EVA), PARA ALIMENTACION PARENTERAL, 1000ml, EMPAQUE INDIVIDUAL ESTERIL, DESCARTABLE"
413,"BOLSA PL?STICA DE ETILENVINILACETATO (EVA), PARA ALIMENTACION PARENTERAL, ( 2000-3000 )ml, EMPAQUE INDIVIDUAL ESTERIL, DESCARTABLE"
414,"BOLSA PL?STICA DE ETILENVINILACETATO (EVA), PARA ALIMENTACION ENTERAL, ( 500-1000) ml, EMPAQUE INDIVIDUAL ESTERIL, DESCARTABLE"
415,"BOLSA RECOLECTORA DE ORINA AUTOADHERIBLE, TAMA?O PEDIATRICO, CAPACIDAD 100ml, EMPAQUE INDIVIDUAL ESTERIL, DESCARTABLE"
416,"BOLSA RECOLECTORA DE ORINA PARA PIERNA, 500ml, CON V?LVULA ANTIREFLUJO Y DE VACIADO, EMPAQUE INDIVIDUAL ESTERIL, DESCARTABLE"
417,"BOLSA RECOLECTORA DE ORINA, PARA PIERNA, 750 -1000ml,CON V?LVULA ANTIREFLUJO Y DE VACIADO, EMPAQUE INDIVIDUAL ESTERIL, DESCARTABLE"
418,"BOLSA RECOLECTORA PARA DRENAJE, CON BARRERA DE PROTECCION CUTANEA, ESTERIL, TRANSPARENTE, CON ESCALA DE MEDICI?N Y V?LVULA ANTIREFLUJO, PARA FISTULA Y DRENOS DE ALTO GASTO ( 200-500)ML"
419,"BOLSA PARA RECOLECCION DE L?QUIDO DE DRENAJE ABDOMINAL, AUTOADHERIBLE, 2 1/2"", DESCARTABLE"
420,"BOLSA PARA RECOLECCION DE L?QUIDO DE DRENAJE ABDOMINAL, AUTOADHERIBLE, 2"", DESCARTABLE"
421,"BOLSA PARA RECOLECCION DE L?QUIDO DE DRENAJE ABDOMINAL, AUTOADHERIBLE, 3"", DESCARTABLE"
422,"CANULA NASAL PARA ADMINISTRACION DE OXIGENO, TAMA?O ADULTO, CON TUBO DE EXTENSION DE (2 - 2.5) m , EMPAQUE INDIVIDUAL, DESCARTABLE"
423,"CANULA NASAL PARA ADMINISTRACION DE OXIGENO, TAMA?O PEDIATRICO, CON TUBO DE EXTENSION DE (2 - 2.5) m, EMPAQUE INDIVIDUAL, DESCARTABLE"
424,"CANULA NASAL PARA ADMINISTRACION DE OXIGENO TAMA?O NEONATAL, CON TUBO DE EXTENSION DE (2 - 2.5) m, EMPAQUE INDIVIDUAL, DESCARTABLE"
425,"CANULA NASAL PARA CPAP, N? 0 , DESCARTABLE"
426,"CANULA NASAL PARA CPAP, N? 1 , DESCARTABLE"
427,"CANULA NASAL PARA CPAP, N? 2 , DESCARTABLE"
428,"CANULA NASAL PARA CPAP, N? 3 , DESCARTABLE"
429,"CANULA GINECOLOGICA DE 4mm, PARA ASPIRADOR MANUAL DE VACIO, EMPAQUE INDIVIDUAL ESTERIL, DESCARTABLE"
430,"CANULA GINECOLOGICA DE 5mm, PARA ASPIRADOR MANUAL DE VACIO, EMPAQUE INDIVIDUAL ESTERIL, DESCARTABLE"
431,"CANULA GINECOLOGICA DE 6mm, PARA ASPIRADOR MANUAL DE VACIO, EMPAQUE INDIVIDUAL ESTERIL, DESCARTABLE"
432,"CANULA GINECOLOGICA DE 7mm, PARA ASPIRADOR MANUAL DE VACIO, EMPAQUE INDIVIDUAL ESTERIL, DESCARTABLE"
433,"CANULA GINECOLOGICA DE 8mm, PARA ASPIRADOR MANUAL DE VACIO, EMPAQUE INDIVIDUAL ESTERIL, DESCARTABLE"
434,"CANULA GINECOLOGICA DE 9mm, PARA ASPIRADOR MANUAL DE VACIO, EMPAQUE INDIVIDUAL ESTERIL, DESCARTABLE"
435,"CANULA GINECOLOGICA DE 10mm, PARA ASPIRADOR MANUAL DE VACIO, EMPAQUE INDIVIDUAL ESTERIL, DESCARTABLE"
436,"CANULA GINECOLOGICA DE 12mm, PARA ASPIRADOR MANUAL DE VACIO, EMPAQUE INDIVIDUAL ESTERIL, DESCARTABLE"
437,"C?NULA NASAL TAMA?O ADULTO, PARA SENSOR DE FLUJO, PARA APARATO DE POLISONOGRAFIA RESPIRATORIA, SEG?N MARCA Y MODELO, CON ADAPTADOR DE JERINGA, EMPAQUE INDIVIDUAL EST?RIL, DESCARTABLE."
438,"ALAMBRE GUIA PUNTA EN ""J"", 0.035"" DE DIAMETRO, (150 - 180) cm DE LONGITUD,EMPAQUE INDIVIDUAL ESTERIL, DESCARTABLE"
439,"CATETER ARTERIAL PARA EMBOLECTOMIA E IRRIGACI?N N? 3, EMPAQUE INDIVIDUAL ESTERIL, DESCARTABLE"
440,"CATETER ARTERIAL PARA EMBOLECTOMIA E IRRIGACI?N N? 4, EMPAQUE INDIVIDUAL ESTERIL, DESCARTABLE"
441,"CATETER ARTERIAL PARA EMBOLECTOMIA E IRRIGACI?N N? 5, EMPAQUE INDIVIDUAL ESTERIL, DESCARTABLE"
442,"CATETER ARTERIAL PARA EMBOLECTOMIA E IRRIGACI?N N? 6, EMPAQUE INDIVIDUAL ESTERIL, DESCARTABLE"
443,"CATETER BIPOLAR 5 Fr CON BALON PARA ESTIMULACION CARDIACA TEMPORAL RADIOPACO 110 cm DE LONGITUD, EMPAQUE INDIVIDUAL ESTERIL DESCARTABLE"
444,"CATETER EMBOLECTOMIA ARTERIAL N? 3, EMPAQUE INDIVIDUAL ESTERIL, DESCARTABLE"
445,"CATETER EMBOLECTOMIA ARTERIAL N? 4, EMPAQUE INDIVIDUAL ESTERIL, DESCARTABLE"
446,"CATETER EMBOLECTOMIA ARTERIAL N? 5, EMPAQUE INDIVIDUAL ESTERIL, DESCARTABLE"
447,"CATETER EMBOLECTOMIA ARTERIAL N? 6, EMPAQUE INDIVIDUAL ESTERIL, DESCARTABLE"
448,"CATETER IRRIGACI?N ARTERIAL N? 3, EMPAQUE INDIVIDUAL ESTERIL, DESCARTABLE"
449,"GUANTES QUIR?RGICOS DE LATEX N? 6, ESTERIL, DESCARTABLE, PAR"
450,"GUANTES QUIR?RGICOS DE LATEX N? 6 1/2, ESTERIL, DESCARTABLE, PAR"
451,"GUANTES QUIR?RGICOS DE LATEX N? 7, ESTERIL, DESCARTABLE, PAR"
452,"GUANTES QUIR?RGICOS DE LATEX N? 7 1/2, ESTERIL, DESCARTABLE, PAR"
453,"GUANTES QUIR?RGICOS DE LATEX N? 8, ESTERIL, DESCARTABLE, PAR"
454,"GUANTES QUIR?RGICOS DE LATEX N? 8 1/2, ESTERIL, DESCARTABLE, PAR"
455,"GUANTES DE LATEX PARA EXAMEN TALLA L, DESCARTABLE, CAJA DISPENSADORA DE 100 UNIDADES"
456,"GUANTES DE LATEX PARA EXAMEN TALLA M, DESCARTABLE, CAJA DISPENSADORA DE 100 UNIDADES"
457,"GUANTES DE LATEX PARA EXAMEN TALLA S, DESCARTABLE, CAJA DISPENSADORA DE 100 UNIDADES"
458,"GABACHA HOSPITALARIA TALLA S, DESCARTABLE, EMPAQUE INDIVIDUAL NO ESTERIL"
459,"GABACHA HOSPITALARIA TALLA M, DESCARTABLE, EMPAQUE INDIVIDUAL ESTERIL"
460,"GABACHA HOSPITALARIA TALLA M, DESCARTABLE,EMPAQUE INDIVIDUAL NO ESTERIL"
461,"GABACHA HOSPITALARIA TALLA L, DESCARTABLE,EMPAQUE INDIVIDUAL ESTERIL"
462,"GABACHA HOSPITALARIA TALLA L, DESCARTABLE,EMPAQUE INDIVIDUAL NO ESTERIL"
463,"GABACHA HOSPITALARIA TALLA XL, DESCARTABLE,EMPAQUE INDIVIDUAL ESTERIL"
464,"GABACHA HOSPITALARIA TALLA XL, DESCARTABLE,EMPAQUE INDIVIDUAL NO ESTERIL"
465,"MASCARA TRANSPARENTE PARA RESUCITADOR MANUAL, N? 0 DESCARTABLE"
466,"MASCARA TRANSPARENTE PARA RESUCITADOR MANUAL, N? 1 DESCARTABLE"
467,"MASCARA TRANSPARENTE PARA RESUCITADOR MANUAL, N? 2 DESCARTABLE"
468,"MASCARA TRANSPARENTE PARA RESUCITADOR MANUAL, N? 3 DESCARTABLE"
469,"MASCARA TRANSPARENTE PARA RESUCITADOR MANUAL, N? 4 DESCARTABLE"
470,"SONDA DE ALIMENTACION NASO YEYUNAL, CON MANDRIL, 6 Fr, CON PUNTA DE TUNGSTENO Y GUIA DE INTRODUCCION, EMPAQUE INDIVIDUAL ESTERIL, DESCARTABLE"
471,"SONDA DE ALIMENTACION NASO YEYUNAL, CON MANDRIL, 7 Fr , CON PUNTA DE TUNGSTENO Y GUIA DE INTRODUCCION, EMPAQUE INDIVIDUAL ESTERIL, DESCARTABLE"
472,"SONDA DE ALIMENTACION NASO YEYUNAL, CON MANDRIL, 8 Fr, CON PUNTA DE TUNGSTENO Y GUIA DE INTRODUCCION, EMPAQUE INDIVIDUAL ESTERIL, DESCARTABLE"
473,"SONDA DE ALIMENTACION NASO YEYUNAL, CON MANDRIL, 10 Fr, CON PUNTA DE TUNGSTENO Y GUIA DE INTRODUCCION, EMPAQUE INDIVIDUAL ESTERIL, DESCARTABLE"
474,"TUBO ENDOTRAQUEAL 2.5mm DIAMETRO, TRANSPARENTE,CON AGUJERO Y LINEA CENTINELA RADIOPACA, SIN BALON,CON ESCALA, EMPAQUE INDIVIDUAL ESTERIL, DESCARTABLE"
475,"TUBO ENDOTRAQUEAL 2.5mm DIAMETRO, TRANSPARENTE,CON AGUJERO Y LINEA CENTINELA RADIOPACA, CON BALON, CON ESCALA, EMPAQUE INDIVIDUAL ESTERIL, DESCARTABLE"
476,"TUBO ENDOTRAQUEAL 3.0mm DIAMETRO, TRANSPARENTE,CON AGUJERO Y LINEA CENTINELA RADIOPACA, SIN BALON,CON ESCALA, EMPAQUE INDIVIDUAL ESTERIL, DESCARTABLE"
477,"TUBO ENDOTRAQUEAL 3.5mm DIAMETRO, TRANSPARENTE,CON AGUJERO Y LINEA CENTINELA RADIOPACA, SIN BALON,CON ESCALA, EMPAQUE INDIVIDUAL ESTERIL, DESCARTABLE"
478,"PINZA PARA TOMA DE BIOPSIA (TIPO COCODRILO), PARA FIBROBRONCOSCOPIO, SEGUN MARCA Y MODELO, EMPAQUE INDIVIDUAL ESTERIL, DESCARTABLE"
479,"PINZA PARA TOMA DE BIOPSIA TIPO ESTANDAR, PARA FIBROBRONCOSCOPIO, SEGUN MARCA Y MODELO, EMPAQUE INDIVIDUAL ESTERIL, DESCARTABLE"
480,"ALGODON HIDROFILO ABSORBENTE, SOBRE( 2.5 - 3 ) g"
481,"ALGODON HIDROFILO ABSORBENTE, ROLLO DE 1 LIBRA"
482,"EQUIPO PARA CURACION UMBILICAL, CON GASA, CINTA E HISOPO,EMPAQUE INDIVIDUAL ESTERIL,DESCARTABLE"
483,"HALOINJERTO DE EPIDERMIS HUMANA CULTIVADA IN VITRO DE 56 cm CUADRADOS VIDA MEDIA 48 HORAS, EMPAQUE INDIVIDUAL ESTERIL"
484,"HISOPOS 6"", CON ALGODON EN UN EXTREMO, ESTERIL CAJA x 100"
485,"VENDA AUTOADHERIBLE (CURITA ) RECTANGULAR 1"" x 3"", EMPAQUE INDIVIDUAL ESTERIL"
486,"VENDA AUTOADHERIBLE (CURITA) CIRCULAR, EMPAQUE INDIVIDUAL ESTERIL"
487,"ADHESIVO QUIR?RGICO DE PAPEL MICROPOROSO, HIPOALERGENICO, 1/2"" x 10 YARDAS, ROLLO"
488,"ADHESIVO QUIR?RGICO DE PAPEL MICROPOROSO, HIPOALERGENICO, 1"" x 10 YARDAS, ROLLO"
489,"AP?SITO DE ALGINATO DE CALCIO Y SODIO (5 x 5) cm"
490,"AP?SITO DE ALGINATO DE CALCIO Y SODIO (10 x 10) cm"
491,"AP?SITO DE ALGINATO DE CALCIO Y SODIO (10 x 20) cm"
492,"RESUCITADOR MANUAL CON MASCARILLA, CON V?LVULA DE SEGURIDAD Y RESERVORIO, TAMA?O PEDIATRICO, CAPACIDAD 500-750ml,EMPAQUE INDIVIDUAL, DESCARTABLE"
493,"RESUCITADOR MANUAL CON MASCARILLA, CON V?LVULA DE SEGURIDAD Y RESERVORIO, TAMA?O PEDIATRICO, CAPACIDAD 500-750ml,EMPAQUE INDIVIDUAL, REUSABLE"
