1,"Leffler, Upton and Mosciski","4 Hanover Junction","(863) 7763947",15
2,"Marquardt and Sons","7816 Prentice Crossing","(932) 5006816",3
3,"Moore-Kris","349 Bartelt Alley","(677) 9020917",21
4,"Schumm, Considine and Eichmann","6 Dovetail Circle","(554) 1396074",24
5,"Schowalter, Wisoky and Christiansen","52024 Manitowish Plaza","(958) 1989485",23
6,"Strosin Inc","2 Anzinger Way","(143) 8918749",14
7,"Schroeder-Paucek","10167 Eagle Crest Junction","(108) 2448684",10
8,"Reilly, Goodwin and Beier","3950 Killdeer Crossing","(118) 8725892",17
9,"Koch Group","52 Reindahl Place","(373) 4671990",24
10,"Douglas-Hartmann","09330 Blackbird Terrace","(895) 6914039",8
11,"Franecki, Kunde and Kuphal","788 Cambridge Hill","(413) 6530070",21
12,"Feest, Wilderman and Yundt","9 Mendota Avenue","(852) 8341438",7
13,"Vandervort-Feil","59 Reinke Road","(450) 2352577",12
14,"Monahan-Cronin","4 Jay Alley","(477) 8116474",12
15,"Medhurst, McCullough and Moore","8 Mockingbird Road","(842) 8643987",9
16,"Dare, Daugherty and Runolfsson","846 Holmberg Place","(304) 5091397",24
17,"Nicolas-Sauer","93 Park Meadow Crossing","(591) 9846850",3
18,"Greenfelder LLC","680 Comanche Lane","(893) 3935210",10
19,"Gulgowski-VonRueden","2 Warbler Place","(522) 5097081",9
20,"Borer and Sons","761 Raven Point","(522) 8841785",16
21,"Fritsch-Gutmann","6 Tomscot Road","(612) 8382980",15
22,"Wilkinson-Dickinson","9 Village Park","(593) 1667865",22
23,"Ratke-Bayer","887 Brown Park","(847) 1266272",15
24,"Ankunding-Purdy","1020 Lake View Road","(572) 7786633",14
25,"Grimes-Torphy","649 Ridgeway Park","(312) 8665736",19
26,"Willms, Batz and Hartmann","93 Melody Parkway","(647) 5970727",22
27,"Cummerata, Wisozk and Bartoletti","8809 Mifflin Hill","(635) 4236375",20
28,"Mitchell, Fadel and Olson","9924 Manufacturers Road","(199) 9464139",20
29,"Deckow, Parisian and Lowe","698 Blue Bill Park Hill","(780) 5202543",8
30,"Heaney, Weissnat and Keebler","6146 Spohn Court","(406) 7475020",23
31,"Hansen Group","873 Namekagon Crossing","(789) 3585291",8
32,"Tremblay LLC","3 Atwood Center","(773) 4122446",23
33,"Bernhard-Emmerich","7655 Redwing Street","(756) 5585328",23
34,"Lind-Ruecker","69301 Barby Terrace","(858) 4270391",20
35,"Donnelly, Corwin and Daniel","17 New Castle Avenue","(616) 7403162",14
36,"Carter, Gulgowski and Powlowski","3 Vermont Park","(889) 3170711",19
37,"Thiel-Konopelski","76967 Eagan Alley","(170) 2044741",16
38,"Smith, Feest and Okuneva","892 Granby Pass","(905) 4688411",19
39,"Mills, Ankunding and Walsh","4 Springs Circle","(524) 2596981",14
40,"O'Conner-Rath","482 Linden Way","(744) 4896951",10
41,"Barton Group","56 Mayer Road","(978) 8540946",20
42,"Zemlak, Gutkowski and Sipes","889 Golf View Park","(948) 9655607",17
43,"Jenkins-Effertz","42447 Kennedy Place","(357) 8567580",4
44,"Ziemann, Corwin and Flatley","42546 Express Drive","(871) 7250207",3
45,"Schneider, Wyman and Bechtelar","8 Ramsey Lane","(534) 2479519",17
46,"Gutmann Inc","9 Vera Road","(256) 5093331",4
47,"Schmidt Inc","16 Monument Trail","(640) 1939646",7
48,"Keeling-Miller","6 Darwin Plaza","(363) 7158898",24
49,"Mills, Turner and Brown","70 Namekagon Parkway","(639) 7780153",24
50,"Lebsack-Lehner","6157 Northport Junction","(623) 4677832",23
51,"Huels, Medhurst and Klein","20785 Hudson Hill","(804) 7950223",1
52,"O'Conner, Kulas and VonRueden","06 Mccormick Parkway","(194) 8760336",3
53,"Greenholt, Hilpert and Marvin","1538 Almo Avenue","(543) 6954019",2
54,"Turcotte, Powlowski and Nolan","1 Becker Junction","(877) 3552505",24
55,"Kling, Lynch and Friesen","36511 Chinook Way","(898) 6193810",22
56,"Langworth and Sons","26 Oriole Junction","(563) 3977716",1
57,"Hirthe, Terry and Kling","40499 Dexter Drive","(403) 6908033",24
58,"Grady and Sons","94083 Melrose Plaza","(629) 3709476",19
59,"Zboncak-Hills","743 Park Meadow Crossing","(219) 6294852",12
60,"Hodkiewicz-Schumm","530 Reinke Junction","(250) 4998496",7
61,"Prohaska, Anderson and Moore","42 Brown Way","(168) 8426692",23
62,"Sanford, Bergstrom and Gleason","4062 Anthes Road","(789) 5463986",23
63,"Beahan-Weissnat","8567 Kim Place","(522) 7681528",4
64,"Stoltenberg Inc","7832 Bay Circle","(415) 1703187",7
65,"Stracke LLC","1881 Thompson Street","(932) 4214092",13
66,"Braun-Glover","5 Pankratz Parkway","(528) 9972693",18
67,"Grimes Inc","39888 Petterle Circle","(963) 4639441",19
68,"Bashirian, Berge and Breitenberg","35 High Crossing Pass","(188) 7176514",6
69,"Tillman, Runolfsdottir and Monahan","558 Sunfield Alley","(477) 8908216",23
70,"Wyman Inc","7 Melby Circle","(332) 1175140",22
71,"Ratke-Champlin","1967 Straubel Lane","(637) 3629066",17
72,"Cartwright-Wolff","61697 Briar Crest Circle","(937) 4760524",22
73,"Kozey, Kozey and Ritchie","33998 Lotheville Terrace","(120) 5999813",10
74,"Altenwerth and Sons","67126 Burrows Center","(835) 6563724",22
75,"Gutkowski LLC","8 Prairie Rose Plaza","(102) 5904945",6
76,"Runolfsdottir Group","268 Hooker Terrace","(706) 6031502",6
77,"Schultz, Kertzmann and Halvorson","77778 Anniversary Street","(232) 5382099",22
78,"Kertzmann, Huel and Weber","95132 Spohn Circle","(862) 2883440",23
79,"Hoppe, Padberg and Bednar","3 Oak Valley Way","(501) 6435104",15
80,"Effertz Group","52 Sachs Way","(419) 9879107",11
81,"Monahan, Effertz and Wehner","94283 Caliangt Way","(406) 5005925",18
82,"Nitzsche, Heathcote and Ernser","7581 7th Plaza","(249) 7889023",24
83,"Kutch, Aufderhar and Johnston","1 Jana Way","(833) 6208812",20
84,"Simonis Inc","55 Sycamore Pass","(978) 3849348",4
85,"Collier-Keeling","547 Maple Terrace","(123) 9180622",18
86,"Mann, Barrows and Ratke","65550 Almo Court","(465) 9318044",13
87,"Crooks and Sons","997 Florence Trail","(236) 1459616",4
88,"Wilderman-Roob","57 Bobwhite Junction","(656) 1856405",11
89,"Schulist Inc","50969 Shelley Hill","(941) 3394191",14
90,"Howell, Ebert and Miller","24486 Gina Street","(820) 1946804",18
91,"Kiehn and Sons","127 Vidon Parkway","(310) 8754669",18
92,"Schaefer, Parisian and Botsford","98443 4th Alley","(389) 2139242",7
93,"Haley-Kerluke","774 Clyde Gallagher Center","(883) 5401041",9
94,"Lesch-Mertz","2 Graedel Place","(371) 6834815",17
95,"Lynch, Kub and Spencer","768 Delladonna Pass","(411) 5594892",23
96,"Quitzon Inc","6319 Cody Center","(640) 1140572",10
97,"Deckow, Morar and Fritsch","79218 Schurz Street","(666) 2414400",17
98,"Wiza LLC","004 Browning Road","(722) 3596769",15
99,"Mayert Inc","7 Katie Hill","(266) 9322525",5
100,"Harber-Keebler","21178 Sunfield Crossing","(774) 8836092",16
101,"Effertz LLC","4683 Eggendart Place","(565) 9183016",20
102,"Nikolaus, Bogan and Lang","232 Jenna Street","(634) 9304753",20
103,"Cremin, Rutherford and Moore","4 Westerfield Center","(382) 9845012",9
104,"Rohan-Nikolaus","59 Boyd Court","(854) 3543207",1
105,"Thiel LLC","1586 Eagan Avenue","(593) 5733278",13
106,"Feil, Homenick and Bartell","58 Memorial Lane","(592) 7496256",2
107,"Price-Bergnaum","56383 Maywood Plaza","(928) 5727717",17
108,"Moen and Sons","06 Mayer Hill","(237) 7952068",18
109,"Volkman-Turcotte","605 Dixon Pass","(696) 9707291",10
110,"Welch, Reilly and Spencer","120 Elmside Way","(968) 8371912",10
111,"Mann-Beier","882 Westerfield Avenue","(839) 5951348",13
112,"Morar Group","9027 Pankratz Park","(890) 7197331",13
113,"Harvey Inc","60 Canary Place","(479) 4592767",13
114,"Bode, Murray and Shanahan","77254 Eastwood Terrace","(335) 4656116",2
115,"Donnelly LLC","5754 Hagan Circle","(145) 7459179",3
116,"Monahan-Koelpin","81443 Grover Alley","(966) 3200321",19
117,"Gutmann LLC","9363 Nelson Point","(162) 6966713",21
118,"Koelpin, Wolff and Flatley","4 Bluejay Way","(330) 8665676",21
119,"Champlin, Koepp and Fadel","814 Basil Parkway","(599) 5457589",5
120,"Nicolas-Lowe","280 Northfield Lane","(505) 1080440",4
121,"Simonis LLC","13 Caliangt Plaza","(368) 7974291",6
122,"Gleason-Koepp","643 Larry Center","(292) 2514759",9
123,"Farrell Inc","0 Gale Parkway","(368) 8058770",17
124,"Ziemann and Sons","9462 La Follette Place","(161) 6083905",22
125,"McGlynn, Jerde and Brown","2 Hoepker Point","(368) 3969702",19
126,"Becker-Boyle","157 Valley Edge Road","(469) 8455023",10
127,"Little LLC","47 1st Center","(418) 9882668",10
128,"McGlynn, Walsh and Kozey","785 Elmside Circle","(787) 1353823",15
129,"Collins and Sons","757 Myrtle Drive","(695) 8868415",10
130,"Pagac-Grant","6277 Dorton Hill","(429) 1968306",17
131,"Beahan Group","5 Rockefeller Terrace","(625) 1487221",21
132,"Nitzsche-McDermott","168 Hazelcrest Parkway","(904) 2782349",6
133,"Huels, Bernier and Beatty","8010 Porter Place","(746) 6742024",1
134,"Keeling LLC","2242 Loeprich Drive","(253) 8041808",19
135,"Adams LLC","4 Michigan Terrace","(562) 8569561",9
136,"Parker, Cruickshank and Gorczany","7 Waubesa Center","(372) 6086734",14
137,"Nader, Schowalter and Schuster","5 Jackson Pass","(234) 6757949",24
138,"Gislason Group","37829 New Castle Alley","(743) 1418543",24
139,"Weimann Group","7 Mitchell Center","(192) 2142412",16
140,"Ward Inc","31513 Helena Hill","(478) 5329084",23
141,"Bode, Considine and Russel","3 Dottie Pass","(738) 4132276",22
142,"Grimes-Pfannerstill","60 Crescent Oaks Way","(837) 6363361",24
143,"Huels Inc","456 Tomscot Hill","(871) 5994176",10
144,"Ratke LLC","47143 Lakewood Court","(210) 1148968",16
145,"Huel Group","584 Bunker Hill Road","(191) 7054462",22
146,"Rippin-Lubowitz","78606 Park Meadow Park","(697) 8950917",16
147,"Romaguera-Kautzer","7 Monica Trail","(744) 4420328",3
148,"Rice, Okuneva and Sanford","029 Valley Edge Trail","(233) 6685404",17
149,"O'Reilly, Ratke and Swift","90 Riverside Alley","(642) 7907022",22
150,"Heathcote and Sons","31 Mallard Crossing","(884) 5944531",8
151,"Jast Group","85 Aberg Place","(474) 3171918",20
152,"Rowe-Murphy","3466 Manitowish Lane","(101) 4653398",18
153,"Grady Group","0702 Sutteridge Avenue","(504) 3514704",14
154,"Waters, Denesik and Auer","006 Londonderry Point","(853) 5418948",14
155,"Schowalter, Wunsch and Sipes","95750 Butterfield Way","(780) 7839917",4
156,"Heidenreich, Cremin and Huel","19526 Marcy Avenue","(690) 9189175",4
157,"Johnston and Sons","41 Anthes Park","(210) 2049109",18
158,"Roob-Daniel","8 Barby Way","(356) 4710619",5
159,"Pollich, Wisozk and Koss","0 Northwestern Terrace","(118) 4428783",5
160,"Weber-Kilback","64 7th Center","(118) 9401716",21
161,"Friesen-Skiles","2977 Glendale Alley","(326) 6209234",10
162,"Senger LLC","9 Nova Circle","(850) 3622011",23
163,"Cormier-Beer","8693 Holmberg Street","(715) 2010876",17
164,"Koepp-Leuschke","7 Melvin Street","(254) 9431823",11
165,"Fay, Grimes and Gorczany","52 Manufacturers Place","(376) 4824512",16
166,"Cassin-Kassulke","88847 Oak Valley Avenue","(348) 2663907",8
167,"Deckow and Sons","62 Burning Wood Parkway","(550) 5274195",24
168,"Marquardt, Price and Murphy","41 Buell Avenue","(771) 6169200",1
169,"Hoppe Inc","460 American Circle","(674) 6300753",1
170,"Zboncak, Morissette and Bode","840 Westport Road","(418) 3884384",4
171,"Kirlin-Rath","2888 Namekagon Court","(300) 3484837",23
172,"Kris-Witting","5366 Algoma Drive","(248) 8737912",17
173,"Ziemann and Sons","76670 Jenna Hill","(902) 7194935",18
174,"Okuneva-Russel","7 Granby Hill","(278) 3322344",23
175,"Reichert LLC","06675 Garrison Road","(873) 3108342",13
176,"Vandervort LLC","6547 Clyde Gallagher Circle","(456) 7952488",6
177,"Ruecker-Rolfson","000 Dottie Way","(167) 8155251",24
178,"Reilly, Mills and Nolan","3330 Ronald Regan Point","(569) 6363780",12
179,"MacGyver Inc","99465 Meadow Valley Terrace","(525) 4019551",19
180,"Osinski, Hammes and Mills","4166 Ridge Oak Junction","(626) 9846557",5
181,"Zulauf Inc","95 Moose Lane","(935) 9119536",14
182,"O'Conner, Kerluke and Rath","7 Johnson Junction","(981) 8349548",21
183,"Treutel-Hamill","77186 Hermina Point","(138) 1518941",2
184,"Bode-Conn","285 Thierer Way","(550) 6630161",4
185,"Thompson-Hermann","8 Sauthoff Point","(438) 5559828",8
186,"Parisian-Aufderhar","34 Susan Hill","(963) 2966626",8
187,"Grimes LLC","5 Judy Center","(452) 1178023",8
188,"Schuster, Brakus and Klocko","0 Schlimgen Circle","(392) 1673993",3
189,"Kuhic Group","0533 Crest Line Park","(416) 3724982",19
190,"Wiegand Inc","33 Banding Hill","(809) 1962259",3
191,"Hand, Ritchie and Ratke","23323 North Hill","(409) 5127232",14
192,"Breitenberg, Waters and Morissette","5 Lakewood Road","(500) 4916551",13
193,"Stiedemann, Quitzon and Jakubowski","48386 Old Shore Street","(315) 4243877",22
194,"Runolfsson Inc","8719 Lukken Junction","(842) 3395736",22
195,"Wunsch, Schulist and Daniel","23159 Kennedy Crossing","(705) 2684887",5
196,"Botsford, Langworth and Mills","4056 Schmedeman Crossing","(571) 7955353",22
197,"Kutch, Jacobs and Pagac","7059 Toban Hill","(906) 9797494",3
198,"Haley-Steuber","45 Bunker Hill Place","(334) 4858967",20
199,"Kemmer, Upton and McCullough","8 Dwight Lane","(446) 9081286",6
200,"Cassin, Kiehn and Lemke","3442 Canary Drive","(166) 3805615",2
201,"Dietrich-Strosin","43519 Hovde Crossing","(195) 8966711",14
202,"Shanahan, Crona and Wisozk","31137 Esch Parkway","(323) 5815421",19
203,"Herman, Jacobson and Von","16907 Shopko Terrace","(833) 4800092",24
204,"Stokes-Feil","7 Kim Way","(129) 9439922",4
205,"Swift-Schmitt","54959 Fieldstone Point","(403) 8045851",11
206,"Crona-Pfannerstill","69164 Autumn Leaf Crossing","(182) 1994208",10
207,"Marquardt-Homenick","7 Northridge Junction","(669) 2724156",21
208,"Kunde-Zemlak","1318 Parkside Way","(781) 5504600",12
209,"Crooks-Volkman","1 Golf View Way","(104) 4835944",15
210,"Willms, Weimann and Feest","82 Swallow Circle","(632) 8079948",18
211,"Blick and Sons","6524 Bartillon Park","(246) 2088956",6
212,"Muller LLC","23950 Derek Lane","(856) 7373808",19
213,"Little-O'Keefe","50 Moland Way","(276) 3359354",8
214,"Carter Group","6 Corscot Lane","(236) 6791765",21
215,"Labadie-Wolf","54 Pond Court","(810) 9843445",4
216,"Collier, Beer and Von","8222 Warner Point","(138) 8381980",15
217,"Predovic, Osinski and Wiza","627 Jana Point","(485) 9840154",17
218,"Schmeler Group","2 Bashford Crossing","(920) 8325709",3
219,"Ebert, Hessel and Frami","4126 Petterle Plaza","(856) 3055383",13
220,"Will-Huels","19 Dexter Court","(222) 9867159",23
221,"Herman, Rodriguez and Lehner","73395 Elka Trail","(881) 1274124",12
222,"Reinger Group","25485 Grayhawk Hill","(128) 5541573",21
223,"Trantow and Sons","5881 Dryden Trail","(199) 6206788",18
224,"Wiza Inc","70 Menomonie Parkway","(414) 3778943",21
225,"Towne-Armstrong","9040 Elgar Alley","(495) 3098900",1
226,"Rice, Jacobs and Sipes","59565 6th Avenue","(230) 6141391",9
227,"Yost, MacGyver and Johnston","17344 Roth Center","(689) 3575613",7
228,"Orn and Sons","944 1st Terrace","(703) 6224107",15
229,"Hoeger, Williamson and Kiehn","8 Linden Circle","(617) 4352249",10
230,"Grimes LLC","9 Onsgard Road","(235) 2164876",3
231,"Rau Inc","3 Stuart Park","() 3881101",21
232,"Kohler, Bernier and Collier","4 Charing Cross Place","(752) 4046028",3
233,"Heaney, Franecki and Kub","96398 Division Road","(885) 5477469",7
234,"Farrell-Brakus","43405 Mallard Parkway","(746) 8066167",9
235,"Morissette-Zboncak","2 Prentice Park","(828) 2829421",23
236,"Lowe-Kilback","0 Dapin Lane","(580) 3027354",13
237,"Sanford, Romaguera and Hermiston","1 Gerald Hill","(584) 5670039",6
238,"Prosacco and Sons","86079 Graceland Court","(655) 6125805",24
239,"Orn Group","5 Crescent Oaks Junction","(292) 4226843",5
240,"Jenkins Inc","80 Alpine Terrace","(418) 1778093",8
241,"Block Inc","1921 Pearson Point","(266) 9773929",24
242,"Sauer, Daugherty and Balistreri","9547 Browning Point","(340) 1969353",18
243,"Quitzon, Zboncak and Hyatt","1454 Saint Paul Avenue","(285) 3902210",10
244,"Bashirian Inc","818 1st Crossing","(860) 6644744",10
245,"Kuphal, Mayert and Kunde","18829 Del Mar Trail","(428) 8065913",21
246,"Barrows-Homenick","632 Darwin Way","(341) 3485744",17
247,"Auer, Hayes and Predovic","532 Holmberg Hill","(693) 9239454",9
248,"Cruickshank, Klocko and Halvorson","81 Northland Trail","(863) 2696045",3
249,"Franecki-Lang","928 Quincy Hill","(194) 5475127",5
250,"Johns-Torphy","1520 Toban Alley","(418) 7301207",13
251,"Cronin and Sons","4144 Scott Road","(651) 3022884",22
252,"Quitzon, Cartwright and Blick","02 Waxwing Court","(395) 9883753",19
253,"Jenkins Group","804 Morning Parkway","(321) 3720044",6
254,"Abshire-Quigley","503 Lakewood Gardens Park","(565) 3374872",12
255,"Oberbrunner, Kuvalis and Leffler","2910 Oriole Place","(778) 2544436",19
256,"Glover Group","3118 Hazelcrest Place","(391) 1094634",4
257,"Hilpert-Blanda","15631 Erie Park","(227) 9712229",13
258,"Keebler LLC","0719 Service Court","(640) 5784239",9
259,"Swift Group","51449 Del Mar Lane","(448) 6056011",23
260,"Sauer LLC","860 Fair Oaks Point","(503) 5340462",20
261,"Quigley, King and Mertz","3 Longview Plaza","(906) 5558645",13
262,"Bins-Mosciski","306 Waywood Circle","(990) 5465962",13
263,"Cummings Inc","72 Dottie Circle","(228) 2176112",2
264,"Schmitt Group","1872 Donald Circle","(696) 4580373",13
265,"Ferry Group","46676 Old Gate Alley","(562) 8462375",11
266,"Roob, Swift and Pouros","654 Graedel Park","(673) 9908854",17
267,"Runolfsson-Bauch","6 Hallows Park","(962) 8607808",12
268,"Jerde, West and Satterfield","00776 Corben Crossing","(712) 6434869",14
269,"Cummings and Sons","979 Lakewood Gardens Court","(340) 9034725",20
270,"Wisozk, Reilly and Borer","53673 Utah Place","(465) 4880286",21
271,"Marvin Inc","8241 New Castle Trail","(724) 5266001",6
272,"Maggio-Weber","97 Jenifer Junction","(640) 2747380",12
273,"Jones, Upton and Dietrich","68 Pine View Circle","(243) 3676872",18
274,"Wisozk Inc","8 Texas Crossing","(316) 3960184",22
275,"Johns LLC","5 Crest Line Center","(586) 2523614",3
276,"Sipes, Nicolas and Cormier","3 Morning Road","(895) 5806316",12
277,"Connelly, Boyle and Grant","56905 Bartelt Parkway","(555) 2878791",9
278,"Hand and Sons","49 Maywood Avenue","(671) 1789394",8
279,"Heller-Gleichner","9 Delaware Lane","(727) 3730734",23
280,"Lakin Group","87333 Milwaukee Street","(323) 4632969",7
281,"Pouros, Kuvalis and Goyette","51 Warner Alley","(620) 3961981",16
282,"Kerluke, Gleason and Reichert","70323 Hermina Street","(423) 5419781",18
283,"Labadie, Marvin and Tromp","7 Armistice Point","(796) 2654524",8
284,"Feil-Schneider","360 Meadow Ridge Trail","(853) 5281829",17
285,"Waelchi Inc","74 Dayton Hill","(579) 9947331",16
286,"Dietrich Inc","0 Walton Road","(117) 2850263",17
287,"Rosenbaum, Langosh and Cronin","2 Westend Hill","(906) 3996067",23
288,"Cole and Sons","473 Walton Place","(846) 3198672",9
289,"Mertz-Mraz","100 Thompson Parkway","(600) 1866793",15
290,"Padberg LLC","2 Wayridge Park","(313) 3877942",1
291,"Leannon, Collier and Gleason","18073 Buena Vista Hill","(536) 3938730",9
292,"Reinger, Hoeger and Botsford","9439 Golf View Plaza","(863) 5289003",17
293,"Stehr Group","6112 Birchwood Court","(391) 1840187",16
294,"Nader, Parisian and Jast","9002 Esch Street","(455) 5282758",5
295,"Lind, Koch and Hintz","37 Leroy Road","(365) 2786568",22
296,"Goodwin, Will and Leffler","148 Red Cloud Street","(871) 9131000",20
297,"Kozey and Sons","404 Ronald Regan Hill","(158) 5609676",5
298,"Hackett Group","40 Messerschmidt Place","(297) 8745309",3
299,"Cormier LLC","98618 Glendale Place","(863) 1204797",22
300,"Hackett-Dicki","91 Mifflin Crossing","(804) 3665616",21
351,"Cassin-Feil","1091 Mesta Court","(567) 1786375",23
352,"Monahan-Funk","7759 Muir Point","(663) 1100856",5
353,"Schoen-Schmidt","112 Melrose Hill","(991) 5068408",2
354,"Wolf-Torphy","1960 Katie Trail","(320) 9482636",11
355,"Altenwerth-Orn","26 Armistice Avenue","(685) 7413342",24
356,"Lebsack, Rempel and Farrell","4 Hauk Court","(524) 6610650",11
357,"Cronin-Emmerich","10957 Vahlen Pass","(665) 5005832",16
358,"Beatty Group","3202 American Ash Way","(476) 6946255",18
359,"Mueller LLC","09340 Basil Point","(792) 5225989",14
360,"Marvin and Sons","94528 Mariners Cove Place","(170) 4004811",17
361,"Blanda-Swaniawski","520 Valley Edge Plaza","(312) 7482515",6
362,"Balistreri-Bashirian","0 Ilene Place","(184) 9870708",20
363,"Bergstrom-Wisoky","796 Spaight Court","(501) 5788120",18
364,"O'Kon, Lemke and Brekke","32 Cherokee Lane","(897) 9010264",18
365,"Koss, Schimmel and Metz","76 Lake View Hill","(165) 3203106",2
366,"Zemlak Group","94460 Burning Wood Drive","(441) 9755303",23
367,"Boehm, Keeling and Miller","7059 Kennedy Alley","(294) 2249652",11
368,"Murazik LLC","75020 Raven Terrace","(411) 3798753",22
369,"Christiansen and Sons","4 Kinsman Avenue","(232) 2663704",22
370,"Orn-Sipes","749 Village Green Center","(976) 1196404",1
371,"Gislason, Christiansen and Lindgren","07150 Mifflin Hill","(320) 1540532",15
372,"Kohler-Stoltenberg","96838 2nd Lane","(567) 7500565",10
373,"Kerluke and Sons","30 7th Drive","(818) 2159710",19
374,"Pouros Inc","1593 Hauk Avenue","(206) 8434383",18
375,"Medhurst LLC","6264 Dorton Place","(520) 1527871",2
376,"Graham and Sons","696 Hollow Ridge Plaza","(250) 6081306",22
377,"Cartwright and Sons","5 Troy Junction","(302) 3641138",5
378,"Kling Group","2 Goodland Center","(989) 5489880",8
379,"Watsica-Davis","92 Loftsgordon Park","(633) 6561350",1
380,"Strosin, Kessler and Tremblay","173 Hallows Plaza","(217) 4444863",11
381,"Abernathy-Barrows","94729 Delladonna Crossing","(671) 2740188",4
382,"Prosacco-Gibson","8902 Sunbrook Alley","(506) 8421546",8
383,"Sawayn, Hermiston and Heller","5 Milwaukee Point","(534) 6178529",23
384,"Johns Group","4741 Parkside Park","(628) 4262044",11
385,"Bins, Wisozk and Bernier","02 Killdeer Park","(320) 8067176",7
386,"Champlin-Bode","0871 Hovde Place","(437) 7308121",15
387,"Cummings, Murray and McGlynn","413 Tony Pass","(168) 8024847",10
388,"Cremin, Kiehn and Haley","964 Goodland Circle","(810) 2090767",8
389,"Maggio and Sons","06363 Carpenter Junction","(355) 1834931",15
390,"Kerluke-Eichmann","385 Manitowish Drive","(679) 5455402",7
391,"Rutherford and Sons","401 Eagle Crest Road","(389) 6386419",5
392,"Rau, Jerde and Bernhard","90 Jenifer Avenue","(237) 2567772",9
393,"Nolan, Roberts and Hills","026 Pankratz Avenue","(528) 9509658",17
394,"Botsford, Dickinson and Botsford","8897 Surrey Avenue","(524) 6765858",14
395,"Watsica-Torp","4596 Farwell Drive","(788) 7038279",4
396,"Graham LLC","1838 Fuller Trail","(898) 3328303",13
397,"Mayert-Sawayn","42716 Muir Court","(120) 7775594",20
398,"Jacobson and Sons","28570 Dryden Park","(438) 9706989",19
399,"Sanford and Sons","7242 Lyons Point","(399) 8572737",13
400,"Yundt, Herzog and Hermiston","4 Kings Park","(274) 3765057",16
